64632,,,,,,,,,,,,,,,,,,,,,
0.07,0,0,0,0.07,0.83,0.01,0,0.1,0.76,0.13,1993,22,67,9.15,990,1130,640,73.09,2,0,0
0.57,0,0,0.01,0.02,0.38,0.01,0,0.12,0.73,0.14,1959,25,23,9.18,1100,1420,590,76.9,4,1,0
0.05,0,0,0,0.03,0.89,0.01,0,0.1,0.65,0.24,3878,9,29,9.23,880,1080,680,75.4,3,0,0
0.18,0,0.03,0,0.02,0.7,0.04,0,0.11,0.74,0.13,10596,3,5,9.24,919,919,500,79.4,3,0,0
0.18,0,0,0,0.01,0.74,0.04,0.01,0.14,0.7,0.15,3668,11,32,9.16,1060,1340,740,73.09,6,1,0
0.13,0,0,0,0,0.84,0.01,0,0.12,0.71,0.15,3196,14,58,9.08,919,1019,560,78.3,2,0,0
0.14,0,0,0,0,0.82,0.01,0,0.13,0.73,0.12,11142,7,46,9.09,969,1090,590,76.9,3,0,0
0.1,0.01,0,0,0.02,0.85,0,0,0.13,0.74,0.12,6143,7,7,9,940,1030,560,73.9,1,0,0
0.2,0,0,0,0.01,0.76,0.01,0,0.15,0.69,0.14,2527,12,27,8.86,1030,1350,720,74,4,1,0
0.52,0,0,0,0,0.45,0.01,0,0.12,0.64,0.23,3185,26,12,8.86,1150,1839,880,72.2,3,1,1
0.11,0.04,0,0,0,0.83,0,0,0.14,0.59,0.26,3433,21,72,8.6,990,1340,780,75.2,4,1,1
0.07,0.02,0,0,0.01,0.89,0,0,0.15,0.67,0.17,3158,9,85,8.49,1030,1320,830,72.9,6,1,1
0.15,0.02,0,0,0.02,0.77,0.01,0,0.08,0.71,0.19,8284,11,82,8.7,940,1120,670,75,4,0,0
0.07,0.01,0,0,0.02,0.86,0.01,0,0.16,0.69,0.14,5181,9,85,8.39,940,1070,680,76,2,0,0
0.12,0,0,0,0.01,0.85,0,0,0.09,0.69,0.2,5463,12,96,8.6,910,1110,700,78,2,0,0
0.62,0,0,0,0.01,0.3,0.05,0.02,0.15,0.72,0.12,3730,7,94,8.58,1200,1630,780,71.8,6,1,1
0.01,0,0.02,0,0.02,0.88,0.04,0.01,0.1,0.7,0.18,8756,11,63,8.84,800,950,620,79.59,0,0,0
0.09,0,0.01,0,0.02,0.83,0.02,0,0.14,0.74,0.11,19962,7,49,8.54,840,800,450,80.09,2,0,0
0.31,0,0,0,0,0.66,0,0,0.19,0.68,0.12,6456,13,30,8.61,910,1120,690,81,2,1,0
0.14,0,0,0,0.06,0.73,0.06,0,0.12,0.73,0.13,9344,9,32,8.6,869,940,560,77.7,2,0,0
0.2,0,0.02,0,0.01,0.72,0.01,0.01,0.08,0.67,0.23,6856,8,2,8.51,919,1330,770,80.5,7,0,0
0.17,0.01,0,0,0.01,0.78,0,0,0.11,0.73,0.14,6235,7,81,8.43,940,1080,620,76.9,5,0,0
0.02,0.03,0,0,0.01,0.84,0.08,0.03,0.07,0.71,0.21,6605,10,73,8.27,980,1210,780,75.8,5,0,0
0.02,0,0,0,0.01,0.89,0.07,0.01,0.13,0.74,0.12,8316,7,54,8.3,919,1000,620,78.9,1,0,0
0.03,0.01,0,0,0.01,0.83,0.12,0.03,0.13,0.68,0.17,5188,4,75,8.31,969,1180,770,74.8,3,1,0
0.03,0,0,0,0.02,0.8,0.13,0.04,0.1,0.67,0.22,4644,16,15,8.2,980,1320,840,72.09,4,1,1
0.03,0.01,0.01,0,0.01,0.83,0.1,0.01,0.14,0.66,0.19,11802,5,5,8.3,819,980,660,80,3,0,0
0.01,0,0,0,0.05,0.87,0.06,0.04,0.08,0.72,0.19,4903,14,2,8.18,840,950,580,78.2,2,0,0
0.07,0,0.07,0,0,0.84,0,0,0.16,0.58,0.25,5091,9,0,8.37,800,1100,770,78.59,5,0,0
0.24,0,0,0,0,0.73,0.01,0,0.12,0.61,0.26,5997,11,4,8.27,890,1200,720,80.4,13,0,1
0.03,0,0,0,0.01,0.94,0,0,0.11,0.62,0.25,5269,44,42,8.1,810,1030,660,82.1,3,0,0
0.05,0,0,0,0.02,0.83,0.06,0,0.09,0.68,0.22,11757,23,47,8,910,1150,730,78.7,5,0,0
0.02,0.01,0,0,0,0.93,0.03,0,0.07,0.7,0.21,11169,21,77,7.85,860,980,630,78.3,7,0,0
0,0,0.01,0,0,0.97,0,0,0.04,0.58,0.36,4624,59,56,7.73,790,1070,710,77.8,3,0,0
0,0,0,0,0,0.98,0,0,0.07,0.65,0.27,3140,52,90,7.71,850,810,500,78.7,4,0,0
0,0,0.02,0,0,0.95,0.02,0,0.03,0.65,0.31,5005,60,73,7.68,850,1110,740,79.09,2,0,0
0.09,0,0.01,0,0,0.78,0.09,0.04,0.06,0.7,0.22,6931,7,57,8.1,890,1270,869,78.5,4,0,0
0.12,0,0.01,0,0.01,0.76,0.09,0.01,0.1,0.69,0.19,12957,7,77,8,930,1200,740,75.7,4,1,1
0,0.01,0,0,0,0.95,0.02,0,0.11,0.66,0.21,5873,18,64,8.05,919,1190,790,74.59,2,0,0
0.47,0,0.01,0,0,0.5,0,0,0.13,0.64,0.21,3091,13,33,8.69,1100,1789,869,75.7,14,1,1
0.6,0,0,0,0,0.37,0.01,0,0.06,0.78,0.14,3949,8,58,8.58,1100,1680,800,72.2,5,1,1
0.6,0,0,0,0.01,0.36,0,0.01,0.11,0.64,0.24,1598,8,14,8.42,1210,2280,1260,75.2,6,1,1
0.4,0,0,0,0,0.5,0.07,0.05,0.07,0.75,0.16,3817,7,7,8.3,1050,1680,880,76.9,5,1,1
0.44,0.01,0,0,0,0.49,0.03,0.03,0.17,0.68,0.14,1960,7,40,8.53,1160,1730,900,71.2,6,1,1
0.53,0,0,0,0.03,0.43,0,0,0.1,0.61,0.27,1521,7,16,8.61,1180,2050,1130,73.09,14,1,1
0.54,0,0,0,0.02,0.31,0.1,0.1,0.16,0.72,0.11,3881,8,0,8.45,1240,1860,940,73.5,12,1,1
0.1,0,0,0,0,0.89,0,0,0.15,0.66,0.17,2242,10,66,9.08,1050,1410,860,70.9,0,1,1
0.07,0,0,0,0,0.88,0.04,0,0.09,0.75,0.14,5694,7,43,9.23,1000,1170,700,74.4,11,1,1
0.12,0,0,0,0,0.87,0,0,0.09,0.72,0.17,4922,14,54,9.05,930,1190,680,75.09,8,0,0
0.39,0,0,0,0.01,0.56,0.03,0,0.11,0.72,0.15,9635,12,62,8.96,1030,1450,760,73.8,4,1,1
0.02,0,0,0,0.01,0.79,0.14,0.03,0.1,0.72,0.17,7594,16,7,8.98,960,1190,710,77.5,4,0,0
0.04,0,0,0,0.01,0.82,0.1,0,0.12,0.63,0.23,7108,13,1,8.89,990,1410,930,75.59,4,1,1
0,0,0,0,0.01,0.73,0.24,0,0.15,0.7,0.14,4249,12,2,8.86,990,1230,760,76.9,1,1,1
0,0,0,0,0.02,0.77,0.2,0,0.1,0.66,0.23,4972,12,0,8.79,1060,1450,940,77.09,2,1,1
0,0,0,0,0.01,0.91,0.05,0,0.09,0.71,0.18,3868,12,0,8.73,990,1180,750,73.2,2,0,1
0,0,0,0,0.02,0.87,0.1,0.01,0.12,0.71,0.15,7840,12,0,8.86,1010,1280,800,75.7,4,1,1
0.01,0,0,0,0.04,0.92,0.01,0,0.14,0.73,0.12,4268,10,57,9.07,960,1060,660,77.8,1,0,0
0.02,0,0,0,0,0.95,0.01,0,0.12,0.69,0.17,9148,9,13,9.03,930,1000,610,77.3,1,0,0
0,0,0,0,0,0.95,0.02,0,0.12,0.71,0.16,8634,11,9,9.06,1019,1290,810,73.59,5,1,1
0.96,0,0,0,0,0.03,0,0,0.21,0.66,0.12,1579,10,74,8.78,1300,2550,1060,78.5,10,1,1
0.82,0,0,0,0,0.16,0,0,0.1,0.74,0.14,5814,10,83,8.78,1120,1939,840,76.3,1,1,1
0.47,0,0,0,0.02,0.41,0.07,0.07,0.08,0.71,0.2,2855,12,59,8.67,1019,1570,750,78,4,1,1
0.39,0,0,0,0.05,0.54,0.04,0,0.09,0.64,0.25,1930,9,26,8.43,1070,1710,890,73.8,0,1,1
0.26,0,0,0,0.05,0.68,0,0,0.1,0.67,0.21,1278,10,0,8.43,940,1310,770,78.09,5,0,1
0.53,0,0.02,0,0.02,0.42,0.04,0,0.15,0.7,0.14,2336,8,10,8.43,1150,1789,840,73.2,11,1,1
0.31,0,0,0,0.06,0.6,0.01,0,0.12,0.64,0.23,1565,11,43,8.43,1019,1750,880,71.2,3,1,1
0.8,0,0,0,0,0.18,0,0,0.17,0.6,0.22,2939,7,17,8.43,1220,1889,810,71.4,7,1,1
0.39,0,0,0,0.01,0.58,0,0,0.13,0.71,0.15,3610,8,32,8.39,1019,1530,780,74.09,5,1,1
0.1,0,0,0,0.01,0.86,0.01,0,0.09,0.7,0.19,1861,10,74,8.43,950,1400,819,72.7,3,0,1
0.59,0,0,0,0,0.38,0.01,0.01,0.08,0.69,0.21,2765,10,71,8.44,1170,2260,1170,72.59,13,1,1
0.54,0.01,0.01,0,0,0.41,0.06,0,0.1,0.67,0.21,2324,22,93,8.92,1130,1770,869,75.59,7,1,1
0.8,0,0,0,0,0.17,0.01,0,0.12,0.7,0.16,2377,16,99,8.95,1300,2350,1010,67.09,13,1,1
0.68,0,0,0,0.01,0.29,0,0,0.12,0.68,0.19,3143,14,95,8.97,1230,2350,1070,69.9,22,1,1
0.67,0,0,0,0.1,0.21,0,0,0.16,0.73,0.1,1893,24,99,8.94,1320,1900,830,68.3,25,1,1
0.38,0,0,0,0.09,0.45,0.05,0.01,0.12,0.7,0.16,2918,18,82,8.91,1100,1420,720,70.09,10,1,1
0.54,0,0,0,0.02,0.42,0,0,0.13,0.67,0.19,981,32,99,8.92,1140,2030,1100,67.8,12,1,1
0.27,0,0,0,0.03,0.68,0,0,0.14,0.56,0.28,3617,14,89,8.89,930,1630,1040,79.7,5,1,1
0.25,0,0.04,0,0.02,0.63,0.04,0.02,0.13,0.65,0.21,5992,19,94,8.88,900,1260,690,76.7,2,0,0
0.14,0,0,0,0,0.77,0.08,0.05,0.14,0.73,0.11,7389,20,87,8.83,919,1140,620,75.09,7,0,0
0.37,0,0,0,0,0.6,0.01,0,0.05,0.7,0.24,2830,24,93,8.92,1120,1830,1070,72.7,10,1,1
0.14,0,0.01,0,0,0.55,0.28,0.22,0.13,0.7,0.15,4260,25,93,8.96,1040,1380,780,77.2,4,1,1
0.01,0,0,0,0.02,0.87,0.08,0.05,0.1,0.71,0.17,2009,21,98,8.99,1120,1639,1050,67.9,10,1,1
0.18,0,0,0,0,0.79,0.01,0,0.08,0.71,0.2,3105,19,80,9.01,1050,1480,800,72.3,8,1,1
0.09,0,0,0,0.01,0.87,0,0,0.12,0.69,0.18,5076,15,89,9.05,1019,1380,790,73,2,1,1
0.24,0.03,0,0,0.01,0.69,0.04,0,0.12,0.74,0.12,3621,17,95,8.98,1050,1350,780,71.9,15,1,1
0.28,0,0.03,0,0.02,0.6,0.03,0.04,0.08,0.72,0.19,6858,17,94,8.97,969,1380,760,74.7,7,1,1
0.08,0,0.02,0,0.04,0.77,0.06,0.01,0.13,0.71,0.15,7051,12,94,8.9,980,1180,660,74.4,13,0,1
0.03,0,0,0,0.01,0.92,0.01,0,0.12,0.71,0.15,7331,18,84,8.81,910,1060,580,74.2,3,0,0
0.27,0,0,0,0,0.71,0,0,0.01,0.91,0.06,3327,26,85,8.89,1270,530,290,72.9,10,0,1
0.17,0,0,0,0.04,0.76,0.01,0,0.11,0.71,0.17,3350,21,89,8.86,910,1170,680,77.8,7,0,0
0.21,0,0.02,0,0.03,0.72,0.01,0,0.12,0.73,0.14,6784,21,93,8.87,1050,1280,690,75.2,11,1,1
0.03,0,0,0,0.01,0.9,0.03,0,0.1,0.65,0.23,3391,17,86,8.8,990,1400,860,68.09,8,1,1
0.02,0,0,0,0.03,0.92,0.01,0,0.1,0.7,0.19,4636,15,72,8.88,950,1190,700,74.2,3,0,0
0.1,0,0,0,0,0.88,0,0,0.11,0.73,0.15,6719,14,80,9,910,1050,570,76.09,1,0,0
0.02,0,0,0,0.01,0.95,0,0,0.1,0.72,0.16,4557,13,55,8.96,940,1170,690,75.5,2,0,0
0.31,0.01,0,0,0,0.67,0,0,0.1,0.63,0.25,3767,9,8,8.79,1070,1780,1000,77.7,4,1,1
0.43,0,0,0,0.01,0.42,0.12,0,0.12,0.65,0.22,3128,6,0,8.91,1080,1689,860,77,1,1,1
0.54,0,0,0,0,0.42,0.01,0.01,0.11,0.69,0.18,5946,7,0,8.9,1080,1789,869,76.5,2,1,1
0.19,0,0.03,0,0.02,0.73,0,0,0.11,0.67,0.2,3445,4,0,8.96,1010,1420,770,71.2,5,1,1
0.36,0,0.02,0,0,0.58,0,0,0.11,0.76,0.11,5311,5,0,9,1019,1440,710,73.4,2,0,0
0.81,0,0,0,0,0.18,0,0,0.05,0.69,0.25,796,6,0,8.95,1140,2340,1010,70.8,6,1,1
0.54,0,0,0,0.03,0.4,0.02,0,0.12,0.66,0.2,3883,5,0,8.95,1080,1670,900,70,8,1,1
0.32,0,0,0,0,0.62,0.05,0,0.11,0.69,0.19,3163,6,0,8.96,1030,1510,960,72.9,5,1,1
0.27,0,0.01,0,0,0.69,0,0,0.11,0.71,0.17,4221,4,1,8.99,1019,1290,680,73,3,0,0
0.11,0,0,0,0,0.88,0,0,0.1,0.66,0.22,3236,35,62,8.91,1010,1500,919,74.59,2,1,1
0.01,0,0,0,0,0.96,0.01,0,0.12,0.65,0.22,3549,20,71,8.74,1080,1550,1019,74,6,1,1
0,0,0,0,0,0.95,0.03,0,0.1,0.71,0.18,5571,15,42,8.81,960,1220,740,74.8,4,1,1
0.05,0,0,0,0.02,0.9,0.01,0.01,0.07,0.71,0.21,3912,19,70,8.87,1060,1460,900,72.8,2,1,1
0.06,0,0,0,0.02,0.89,0.01,0,0.09,0.61,0.28,4168,15,40,8.9,990,1530,1030,73.59,8,0,0
0.04,0.03,0,0,0,0.89,0.01,0,0.11,0.65,0.23,5467,33,56,8.88,980,1340,830,74.7,2,0,0
0.28,0,0,0,0,0.67,0.04,0,0.13,0.73,0.13,4623,9,3,9.01,980,1280,690,71.5,4,1,1
0.09,0,0.02,0,0.05,0.72,0.08,0.07,0.11,0.73,0.15,6884,8,33,9.06,1040,1480,930,72.9,6,1,1
0,0,0,0,0,0.97,0.01,0.01,0.1,0.69,0.19,2756,13,38,9.03,940,1120,710,74.4,5,0,0
0,0,0,0,0.01,0.97,0,0,0.17,0.65,0.16,3622,15,57,9.14,980,1310,810,74.8,7,1,1
0.06,0,0,0,0,0.89,0.03,0.01,0.12,0.72,0.14,5157,7,24,9.12,969,1190,690,75.7,4,1,1
0.04,0.03,0,0,0.04,0.68,0.22,0.08,0.15,0.69,0.14,9362,8,37,9.23,1019,1300,770,74.9,7,1,1
0.2,0,0,0,0.02,0.75,0,0.01,0.14,0.67,0.17,3302,11,53,8.9,1050,1520,850,72.8,10,1,1
0.01,0,0,0,0.01,0.89,0.08,0.01,0.14,0.69,0.15,3545,10,15,8.94,969,1180,710,73.7,4,1,0
0.12,0,0,0,0,0.87,0,0,0.1,0.67,0.21,4804,10,10,9,1000,1220,720,74.59,6,0,0
0.81,0,0,0,0,0.17,0,0,0.1,0.68,0.21,3395,12,24,8.93,1180,2200,940,73.59,17,1,1
0.34,0,0,0,0,0.64,0.01,0,0.1,0.65,0.23,4043,16,47,8.88,1040,1750,950,75,1,1,1
0.09,0,0,0,0,0.89,0,0,0.08,0.67,0.23,3365,15,32,8.87,1019,1500,880,75,6,1,1
0.47,0,0,0,0,0.51,0,0,0.1,0.68,0.21,2122,17,13,8.84,1120,1900,980,75.2,10,1,1
0.34,0,0,0,0,0.65,0,0,0.05,0.73,0.2,1384,14,38,8.75,1080,1689,960,76.4,9,1,1
0.11,0,0,0,0.01,0.83,0.02,0,0.18,0.65,0.16,1008,16,38,8.77,1010,1540,900,70.9,4,1,1
0.41,0,0,0,0,0.56,0,0,0.09,0.72,0.17,5064,10,17,8.77,1040,1490,760,76.59,8,1,1
0.48,0,0,0,0.05,0.46,0,0,0.13,0.65,0.21,1420,21,1,8.79,1120,2060,1130,76.4,10,1,1
0.5,0,0,0,0,0.49,0,0,0.11,0.67,0.2,4785,13,32,8.72,1100,1689,860,73.4,12,1,1
0.53,0,0,0,0,0.46,0,0,0.11,0.67,0.2,4073,8,27,8.74,1060,1639,860,76.09,10,0,1
0.51,0,0,0,0,0.48,0,0,0.12,0.73,0.13,1781,12,50,8.71,1100,1789,880,69.7,5,1,1
0.72,0,0,0,0.01,0.25,0.01,0,0.1,0.6,0.29,1441,28,68,8.65,1280,2180,960,75.59,17,1,1
0.19,0,0,0,0,0.77,0.02,0,0.11,0.71,0.17,5457,12,57,8.62,1010,1480,869,74.09,5,1,1
0.16,0,0,0,0.01,0.72,0.09,0,0.1,0.65,0.24,2908,10,79,8.65,1170,1839,1130,75.9,6,1,1
0.1,0,0,0,0,0.88,0,0,0.09,0.74,0.16,2723,12,57,8.67,980,1320,830,74.59,1,1,1
0.1,0.01,0,0,0,0.87,0.01,0,0.09,0.64,0.26,2249,14,76,8.75,1090,1510,890,73.8,9,1,1
0.01,0,0,0,0.04,0.93,0,0,0.16,0.67,0.15,2985,14,86,8.74,1030,1300,810,71.3,3,1,1
0.05,0,0,0,0.02,0.91,0,0,0.13,0.63,0.23,3931,10,80,8.74,1070,1530,960,71.7,11,1,1
0.02,0,0,0,0,0.88,0.08,0.04,0.12,0.68,0.19,3611,15,55,8.69,980,1290,800,73.4,8,0,0
0.01,0,0,0,0.01,0.96,0,0,0.11,0.69,0.18,4389,10,33,8.66,940,1110,700,76.8,2,0,0
0,0.02,0,0,0.02,0.92,0.01,0,0.14,0.68,0.17,2125,10,19,8.28,1010,1330,850,74.2,3,1,1
0.07,0.01,0,0,0.03,0.87,0.02,0,0.07,0.69,0.23,1740,11,0,8.27,969,1310,819,76.59,6,0,0
0.06,0.01,0,0,0.02,0.86,0.03,0,0.1,0.71,0.18,4742,5,0,8.25,940,1190,710,77.09,5,0,0
0.11,0.02,0,0,0.05,0.79,0.01,0,0.1,0.68,0.21,1710,14,4,8.22,1019,1470,869,73.59,5,1,1
0.3,0,0.01,0,0.01,0.65,0,0,0.09,0.7,0.19,4777,28,24,8.22,1070,1639,960,74.09,8,1,1
0,0.01,0,0,0.02,0.94,0.01,0,0.07,0.71,0.2,1560,8,19,8.15,1000,1440,930,77.09,9,1,1
0.01,0.02,0,0,0.01,0.88,0.05,0,0.08,0.7,0.2,2264,7,8,8.14,969,1290,800,78.4,3,0,0
0.05,0,0.01,0,0.03,0.86,0.04,0.01,0.11,0.7,0.18,2902,7,0,8.15,910,1110,670,78.5,4,0,0
0.3,0,0,0,0.02,0.62,0.04,0,0.12,0.73,0.14,2307,5,0,8.2,1030,1480,780,75.59,4,1,1
0.21,0,0,0,0,0.63,0.13,0.05,0.13,0.7,0.15,3374,4,0,8.21,960,1260,690,75.2,4,0,0
0.15,0.03,0,0,0.05,0.7,0.06,0.01,0.11,0.68,0.2,2104,7,0,8.22,1000,1360,850,78.9,10,1,0
0.09,0.02,0.01,0,0.05,0.75,0.05,0.01,0.13,0.7,0.16,9072,3,0,8.25,850,960,570,81.09,3,0,0
0.24,0,0.04,0,0.04,0.52,0.14,0.02,0.16,0.74,0.08,8896,2,0,8.23,919,800,390,79.2,7,0,0
0.4,0,0,0,0.01,0.39,0.18,0.01,0.15,0.66,0.17,4089,5,0,8.21,1160,1950,1080,71.9,4,1,1
0.18,0,0,0,0.01,0.74,0.04,0.01,0.07,0.7,0.21,3175,8,0,8.23,1080,1440,860,72.3,3,1,1
0.21,0,0,0,0.01,0.74,0.02,0,0.12,0.67,0.19,1895,4,0,8.23,1070,1560,969,74.5,7,1,1
0.55,0,0,0,0.04,0.39,0,0,0.16,0.63,0.2,2081,8,0,8.22,1240,2210,1060,67.2,8,1,1
0.05,0,0,0.01,0.01,0.9,0,0,0.09,0.66,0.24,1822,10,0,8.2,819,1070,700,74.59,3,0,0
0.11,0,0,0,0.02,0.79,0.05,0.04,0.11,0.72,0.16,5568,14,0,8.19,969,1320,819,73.7,4,0,0
0.42,0.01,0,0,0.03,0.51,0.01,0,0.17,0.66,0.16,4421,9,0,8.21,1010,1470,810,73.2,1,1,0
0.12,0,0,0,0.01,0.8,0.05,0.04,0.1,0.73,0.15,6546,14,0,8.21,910,1090,630,75.9,2,0,0
0.17,0,0.01,0,0.01,0.78,0,0,0.14,0.65,0.2,4941,23,0,8.22,940,1220,670,73.9,4,0,0
0.03,0,0,0,0.01,0.9,0.03,0.02,0.13,0.65,0.2,4408,30,0,8.22,919,1210,750,77.09,4,0,0
0.19,0.01,0,0,0,0.79,0,0,0.08,0.67,0.23,4269,20,8,8.15,940,1360,760,75.7,3,0,0
0.18,0.01,0,0,0,0.78,0,0,0.08,0.69,0.22,3811,9,19,8.2,1019,1460,850,73.2,7,1,0
0.04,0,0,0,0.01,0.93,0,0,0.14,0.66,0.19,4463,6,2,8.15,1010,1370,840,72.5,0,1,1
0,0,0,0,0.03,0.88,0.05,0.03,0.06,0.73,0.19,3567,10,0,8.1,980,1360,830,75.5,6,1,1
0.12,0.01,0,0,0.02,0.82,0.04,0,0.12,0.68,0.19,3804,19,15,8.07,969,1460,890,71.5,8,1,1
0.5,0,0.01,0,0.04,0.44,0,0,0.14,0.64,0.21,2070,10,84,8.47,1060,1720,860,75.4,3,1,1
0.24,0,0.01,0,0,0.72,0,0,0.14,0.65,0.19,1807,8,83,8.53,1070,1789,1070,73.2,8,1,1
0.4,0,0,0,0,0.59,0,0,0.07,0.67,0.24,3362,9,85,8.48,1060,1760,890,74.59,13,1,1
0.41,0.01,0,0,0,0.51,0.04,0,0.09,0.69,0.21,1644,10,79,8.48,1130,1850,1010,74.2,18,1,1
0.67,0,0,0,0,0.32,0,0,0.15,0.63,0.21,3511,11,82,8.36,1100,1850,940,69.9,4,1,1
0.7,0,0,0,0,0.29,0,0,0.09,0.73,0.17,3587,9,24,8.87,1120,1820,869,73.9,3,1,1
0.05,0,0,0,0,0.92,0.01,0,0.05,0.72,0.21,3459,17,63,9,990,1280,800,79.59,0,0,0
0.24,0,0,0,0,0.72,0.01,0.01,0.07,0.64,0.28,3711,16,31,8.93,1000,1620,900,80.2,4,1,1
0.04,0,0,0,0.02,0.9,0.02,0,0.14,0.66,0.18,4324,26,7,8.24,980,1370,850,76.4,8,0,0
0.13,0,0,0,0,0.82,0.02,0,0.13,0.63,0.22,3744,10,45,8.29,1030,1450,860,76.59,6,1,1
0.19,0,0,0,0,0.76,0.02,0,0.08,0.7,0.21,2957,4,3,8.23,1050,1560,940,73.59,9,1,1
0.11,0,0,0,0,0.85,0.02,0.02,0.1,0.69,0.19,2103,6,3,8.21,960,1230,710,75.59,9,0,1
0.26,0,0,0,0.01,0.71,0,0,0.14,0.68,0.16,3815,6,0,8.24,1050,1530,850,73.7,12,1,1
0,0,0,0,0,0.97,0.02,0,0.1,0.68,0.21,3378,8,21,8.17,1019,1320,830,76.09,3,1,1
0.05,0,0,0,0.01,0.92,0,0,0.11,0.64,0.23,3085,7,36,8.2,910,1250,780,78.3,5,0,0
0.07,0,0,0,0,0.91,0.02,0,0.09,0.55,0.35,1392,6,44,8.18,1030,1760,1200,72,2,1,1
0.25,0,0,0,0.01,0.72,0,0,0.18,0.66,0.15,1579,9,28,8.16,1120,1450,840,70.59,15,1,1
0.44,0,0,0,0,0.53,0.01,0,0.1,0.68,0.2,1717,7,47,8.16,1200,1880,940,72.3,15,1,1
0.01,0,0,0,0.02,0.95,0,0,0.08,0.66,0.24,1821,9,73,8.09,1040,1360,860,77.09,4,1,1
0.01,0,0,0,0.01,0.95,0,0,0.12,0.67,0.2,1954,12,57,8.15,940,1200,730,78,3,0,0
0.09,0,0.01,0.01,0,0.86,0.02,0,0.1,0.66,0.23,3322,9,81,8.02,1050,1689,1010,73.8,6,1,1
0.29,0,0,0,0.03,0.65,0,0,0.15,0.67,0.17,1979,11,0,8.43,1010,1380,670,73.3,0,1,1
0.16,0,0,0,0.05,0.77,0,0,0.12,0.68,0.18,1910,7,10,8.45,1100,1530,900,72.09,10,1,1
0.21,0.01,0,0,0,0.76,0,0,0.11,0.69,0.18,2999,10,2,8.37,1060,1530,860,74.3,1,1,1
0.21,0,0.04,0,0.05,0.68,0,0,0.11,0.69,0.19,3892,10,0,8.38,990,1400,790,76.7,2,0,0
0.33,0.03,0,0,0,0.6,0.01,0,0.1,0.69,0.19,1453,10,24,8.3,1090,1739,990,73.8,5,1,1
0.22,0,0,0,0.01,0.76,0,0,0.09,0.71,0.19,1611,11,6,8.26,1030,1560,890,76.9,3,1,1
0,0,0,0,0.02,0.94,0.03,0,0.14,0.67,0.17,6624,7,0,8.66,1070,1430,910,72.2,5,1,1
0,0,0,0,0.01,0.96,0.02,0,0.15,0.67,0.17,7055,7,0,8.69,969,1120,700,75.59,4,0,0
0,0.01,0,0,0.01,0.86,0.1,0.02,0.12,0.7,0.16,4924,4,0,8.67,969,1190,740,77.59,3,1,1
0,0,0,0,0.02,0.95,0.01,0,0.09,0.67,0.22,4218,6,1,8.63,1000,1270,800,76.3,2,1,0
0,0,0,0,0,0.99,0,0,0.14,0.71,0.13,4400,6,41,8.57,990,1130,700,73.4,3,1,0
0,0,0,0,0.01,0.92,0.05,0.01,0.14,0.66,0.19,3773,6,6,8.71,990,1160,730,77.4,2,0,0
0,0,0.01,0,0,0.88,0.09,0.03,0.12,0.71,0.16,5553,8,0,8.79,980,1120,690,74.2,7,1,0
0.01,0,0,0,0.05,0.87,0.06,0,0.13,0.68,0.18,4151,10,0,8.77,980,1200,780,75.09,6,1,0
0.01,0,0.01,0,0.05,0.87,0.02,0,0.12,0.69,0.18,6595,7,0,8.77,919,1220,790,77.9,2,0,0
0.01,0,0,0,0,0.88,0.08,0.03,0.07,0.74,0.17,6499,13,0,8.83,969,1160,750,75.09,7,0,0
0.01,0.02,0,0,0,0.93,0.03,0.01,0.1,0.67,0.21,3777,10,0,8.85,950,1030,630,76.09,3,0,0
0,0,0.01,0,0,0.92,0.05,0,0.1,0.72,0.17,2618,5,0,8.81,980,1130,700,76.59,3,1,1
0,0,0,0,0.02,0.96,0,0,0.12,0.69,0.18,4589,6,0,8.76,1019,1270,800,77.09,3,1,1
0.05,0,0,0,0.01,0.92,0.01,0,0.06,0.69,0.23,3280,13,0,8.88,1090,1470,1019,71.8,12,1,1
0.03,0,0,0,0,0.9,0.06,0,0.08,0.7,0.21,4282,14,2,8.91,1050,1400,890,75.7,10,1,1
0.08,0,0,0,0,0.88,0.03,0,0.1,0.72,0.16,5315,9,14,8.88,990,1270,760,76.5,2,1,1
0,0,0,0,0.1,0.87,0.01,0,0.14,0.66,0.19,2397,9,16,8.73,1000,1390,890,72.2,4,1,1
0,0,0,0,0.02,0.95,0.02,0,0.09,0.74,0.15,2803,10,42,8.9,980,1180,740,71.9,10,1,1
0.05,0,0,0,0.02,0.86,0.02,0.03,0.1,0.66,0.22,3335,8,0,8.24,980,1480,880,75,6,1,1
0.01,0.01,0,0,0.01,0.95,0,0,0.09,0.67,0.22,2120,8,4,8.19,940,1310,819,81.8,0,0,0
0.14,0,0,0,0,0.84,0,0,0.12,0.65,0.22,2266,10,0,8.2,990,1470,840,74,5,1,0
0.06,0,0.03,0,0,0.86,0.06,0.01,0.09,0.56,0.33,2599,8,0,8.23,900,1430,880,76.9,5,0,0
0.3,0.01,0,0,0.01,0.63,0.03,0,0.15,0.63,0.21,1831,6,0,8.21,1019,1490,869,76.4,8,1,1
0.62,0,0.03,0,0.03,0.3,0,0,0.12,0.69,0.18,3176,6,0,8.22,1170,1910,910,73.59,13,1,1
0.28,0.01,0,0,0.03,0.58,0.09,0,0.1,0.73,0.16,3231,2,0,8.22,1030,1510,780,75.7,15,1,1
0.23,0,0.01,0,0.04,0.66,0.04,0,0.13,0.63,0.22,4237,6,0,8.22,969,1400,780,75.5,6,0,0
0.17,0.01,0.02,0,0.05,0.61,0.13,0.01,0.09,0.79,0.11,4768,3,0,8.22,919,1110,560,78.7,8,0,0
0.21,0.01,0.01,0,0.04,0.64,0.08,0,0.09,0.75,0.14,4087,4,0,8.21,1000,1440,760,74.4,5,1,1
0.17,0,0.02,0,0.02,0.63,0.13,0.11,0.17,0.7,0.11,2642,11,0,8.17,1000,1420,780,76.09,10,1,1
0.12,0,0,0,0.01,0.84,0.01,0,0.12,0.72,0.15,4433,8,8,8.22,940,1240,710,81.3,4,0,0
0.25,0,0,0,0.04,0.63,0.04,0.02,0.15,0.68,0.15,5241,5,0,8.22,1080,1430,780,74.5,7,1,1
0.5,0,0,0,0.01,0.47,0,0,0.14,0.65,0.19,6406,22,14,8.79,1000,1370,660,73.4,6,0,0
0.28,0,0,0,0,0.71,0,0,0.1,0.7,0.18,2324,48,0,8.74,1100,1550,810,76.59,10,1,1
0.24,0,0,0,0.01,0.73,0.01,0,0.08,0.74,0.17,1987,11,37,8.76,980,1400,770,71.3,3,0,0
0.92,0,0,0,0,0.06,0,0,0.14,0.71,0.13,3817,9,6,8.78,1250,1989,850,73.59,17,1,1
0.9,0,0.01,0,0,0.06,0,0,0.14,0.68,0.17,3020,75,0,8.77,1440,2440,1030,71,19,1,1
0.96,0,0,0,0,0.02,0,0,0.13,0.7,0.15,3083,85,0,8.76,1410,2630,1090,68.09,25,1,1
0.86,0,0,0,0.01,0.12,0.03,0,0.11,0.71,0.16,2389,23,0,8.77,1200,2020,850,70.4,10,1,1
0.45,0,0.01,0,0,0.47,0.05,0,0.12,0.68,0.19,2008,58,0,8.74,960,1320,750,78.09,4,0,0
0.59,0,0,0,0,0.39,0,0,0.17,0.61,0.2,1595,57,0,8.74,1050,1620,900,73,15,1,1
0.72,0,0.04,0,0,0.22,0,0,0.19,0.62,0.17,2326,23,0,8.77,1140,1910,980,73.59,5,1,1
0.84,0,0,0,0.01,0.13,0.02,0.01,0.08,0.72,0.19,2567,30,18,8.67,1250,2400,1070,70.2,15,1,1
0.68,0,0,0,0,0.25,0.09,0,0.12,0.64,0.22,1183,25,44,8.6,1200,2480,1210,72.59,13,1,1
0.72,0,0,0,0.01,0.24,0.01,0,0.16,0.65,0.18,1412,23,14,8.66,1110,2090,969,72.2,11,1,1
0.96,0,0,0,0,0.01,0,0,0.06,0.73,0.19,1278,96,0,8.73,1200,2160,819,72.2,13,1,1
0.84,0,0,0,0,0.14,0,0,0.15,0.72,0.12,3754,35,13,8.73,1220,1910,770,70.8,5,1,1
0,0.03,0,0,0.04,0.92,0,0,0.08,0.68,0.22,5794,6,63,8.35,1010,1230,790,76.2,3,0,0
0.01,0,0,0.01,0.02,0.88,0.06,0.06,0.1,0.67,0.21,3172,6,58,8.39,1040,1340,860,76.09,8,1,1
0.01,0.01,0,0,0.03,0.82,0.11,0.09,0.15,0.7,0.13,7454,6,12,8.43,1080,1410,910,73.2,6,1,1
0.01,0.01,0,0,0.01,0.92,0.03,0.03,0.1,0.75,0.13,6047,7,24,8.48,1019,1210,780,74.5,2,1,0
0,0,0,0,0,0.94,0.03,0.01,0.1,0.7,0.18,5782,5,22,8.5,1040,1310,850,75.8,3,1,1
0,0,0,0,0.02,0.89,0.07,0.04,0.08,0.75,0.16,5839,6,20,8.59,1080,1410,919,74.59,0,1,1
0,0.01,0,0,0.01,0.64,0.32,0.15,0.14,0.71,0.14,8082,6,21,8.7,1070,1350,819,76.4,2,1,1
0.03,0,0,0.01,0.03,0.62,0.3,0.24,0.1,0.7,0.18,5064,17,44,8.7,1070,1520,940,75.8,2,1,1
0.06,0,0,0,0.05,0.73,0.13,0.06,0.11,0.75,0.13,3913,15,52,8.61,1090,1420,869,74.09,2,1,1
0,0.01,0,0,0.02,0.9,0.08,0,0.12,0.69,0.17,4425,9,73,8.66,1050,1290,840,73.3,2,1,1
0.01,0,0,0,0.02,0.84,0.12,0.09,0.1,0.75,0.14,3306,13,49,8.55,969,1240,830,71.9,2,1,1
0.01,0.04,0,0,0.01,0.76,0.16,0.13,0.14,0.68,0.16,2302,15,60,8.5,940,1120,700,78.8,3,0,0
0.02,0,0,0.06,0.02,0.6,0.33,0.13,0.21,0.64,0.13,6002,12,78,8.57,1150,1600,969,72.9,10,1,1
0,0.01,0,0,0,0.82,0.15,0.11,0.13,0.63,0.23,4128,12,78,8.46,1040,1430,919,76.7,6,1,1
0.22,0,0,0,0.01,0.75,0,0,0.05,0.82,0.12,9137,15,4,9.07,1019,1040,509,77,4,0,0
0.08,0,0,0,0,0.91,0,0,0.08,0.72,0.19,4710,18,29,8.98,930,1240,670,73,0,0,0
0.09,0,0,0,0.03,0.85,0.01,0,0.09,0.74,0.15,4764,5,58,8.98,969,1300,720,72.09,7,0,0
0.27,0,0,0,0,0.71,0,0,0.12,0.71,0.15,6834,8,54,9.06,1130,1420,680,73.2,5,1,1
0.13,0,0,0,0.01,0.82,0.01,0,0.18,0.69,0.12,7860,7,90,9.17,850,1000,500,77.8,3,0,0
0.1,0,0.02,0,0,0.86,0,0,0.1,0.69,0.2,3774,10,72,9.14,850,1140,600,79.7,4,0,0
0.38,0,0,0,0.02,0.55,0.01,0.02,0.12,0.68,0.18,6799,13,6,9.15,1010,1350,650,74.59,6,0,0
0.21,0,0,0,0,0.74,0.02,0,0.12,0.77,0.09,6379,2,57,9.17,869,850,390,75.5,2,0,0
0.23,0,0,0,0,0.68,0.06,0.03,0.11,0.74,0.14,3815,9,48,9.18,980,1250,650,74.9,5,0,0
0.25,0,0,0,0.02,0.61,0.09,0.01,0.15,0.75,0.09,7260,6,48,9.25,1030,1200,590,76.8,4,1,0
0.14,0,0,0,0.03,0.76,0.05,0,0.14,0.7,0.15,3910,6,48,9.23,930,1110,560,76.5,1,0,0
0.45,0.02,0,0,0.04,0.45,0.02,0,0.11,0.71,0.17,1604,23,32,9.26,1080,1750,800,74,4,1,1
0.29,0.01,0.03,0,0.02,0.57,0.06,0.02,0.13,0.73,0.12,4642,29,25,9.26,1040,1340,630,76.3,7,0,0
0.23,0,0,0,0,0.7,0.05,0,0.11,0.71,0.16,5567,11,85,8.34,1030,1450,810,71.3,10,1,1
0.06,0.01,0,0,0,0.87,0.03,0.01,0.15,0.66,0.18,3831,10,71,8.48,1000,1410,810,71.8,3,1,1
0.74,0,0,0,0,0.25,0,0,0.12,0.69,0.18,1677,17,96,8.45,1180,2110,930,77.8,16,1,1
0.15,0.04,0,0,0,0.78,0.01,0,0.1,0.69,0.19,3558,12,65,8.43,1040,1520,900,73,18,1,1
0.36,0.18,0,0,0.01,0.42,0.01,0,0.08,0.8,0.1,5625,10,41,8.45,919,1310,630,74.9,16,1,1
0.36,0.02,0,0.01,0,0.59,0.01,0,0.14,0.63,0.22,4354,9,65,8.43,1090,1780,940,74.8,8,1,1
0.64,0,0,0,0,0.35,0,0,0.11,0.76,0.12,3968,15,47,8.4,1230,2180,950,69.4,9,1,1
0.34,0.02,0,0,0.02,0.59,0,0,0.12,0.64,0.23,3774,12,66,8.38,1060,1680,1019,75.2,20,1,1
0.47,0,0,0,0.02,0.46,0.03,0.02,0.11,0.7,0.18,3508,22,6,8.94,1140,1680,940,69.3,5,1,1
0.71,0,0,0,0,0.26,0.02,0,0.18,0.65,0.15,2838,10,0,8.96,1320,2380,1019,73,19,1,1
0.08,0,0.02,0,0.03,0.85,0,0,0.09,0.67,0.22,3698,9,6,8.93,880,1270,830,77.09,11,0,0
0.12,0,0.01,0,0.01,0.78,0.05,0.04,0.16,0.63,0.19,1762,11,0,8.95,1110,1600,1040,66.8,9,1,1
0.08,0,0,0,0.04,0.74,0.12,0.08,0.17,0.7,0.12,2172,11,2,8.97,1160,1780,1150,65.3,12,1,1
0.43,0.16,0,0,0.01,0.29,0.26,0,0.11,0.77,0.11,1209,9,0,8.97,1350,2370,1100,70.5,7,1,1
0.23,0.01,0,0,0,0.75,0,0,0.07,0.66,0.26,2213,17,0,8.99,1019,1490,900,67.9,3,1,1
0.56,0.02,0,0,0.01,0.26,0.15,0.08,0.2,0.66,0.12,1421,13,0,8.97,1240,1900,860,72.7,2,1,1
0.08,0,0.01,0,0,0.89,0,0,0.11,0.62,0.26,5339,26,10,9.02,830,1120,720,75.5,5,0,0
0.1,0,0,0,0.03,0.75,0.1,0.04,0.08,0.69,0.22,2812,26,0,8.98,950,1220,730,73.8,4,1,1
0.42,0.01,0.04,0,0,0.38,0.12,0,0.09,0.82,0.08,2927,30,0,8.97,1210,1710,860,72.7,6,1,1
0.69,0,0,0,0.01,0.28,0,0,0.07,0.74,0.17,3242,19,4,9,1080,1750,790,75.09,5,1,1
0.46,0,0,0,0.01,0.42,0.07,0.09,0.09,0.76,0.13,1682,10,6,8.99,1180,1980,1030,68.09,10,1,1
0.19,0,0.01,0,0.05,0.67,0.07,0.02,0.12,0.69,0.17,2198,18,10,8.92,1000,1320,740,72.09,7,0,0
0.15,0,0,0,0.01,0.79,0.03,0,0.16,0.61,0.21,5027,12,10,9,1030,1450,910,70.2,1,1,1
0.06,0,0,0,0.04,0.88,0,0,0.08,0.69,0.22,2560,16,10,8.95,969,1310,800,72.9,3,1,1
0.15,0,0.06,0,0.04,0.67,0.06,0.02,0.16,0.75,0.07,4100,20,8,9.01,980,1130,650,71,4,1,1
0.02,0,0,0,0.01,0.92,0.04,0,0.09,0.68,0.22,4835,27,9,9.03,869,1130,710,78.4,5,0,0
0,0,0,0,0,0.95,0.01,0,0.11,0.7,0.18,8468,23,21,9.03,880,990,590,76.59,2,0,0
0,0,0,0,0.01,0.96,0,0,0.08,0.69,0.22,5167,12,42,8.99,890,1060,660,74.3,5,0,0
0,0,0,0,0.01,0.98,0,0,0.09,0.73,0.16,3596,16,65,8.89,960,1140,680,75.2,6,1,1
0.11,0,0,0,0.01,0.83,0.04,0.04,0.1,0.68,0.2,3459,23,46,8.9,969,1310,770,74.7,3,1,1
0.04,0.01,0,0,0,0.94,0,0,0.1,0.7,0.19,2891,13,27,8.84,990,1230,780,75.09,4,1,1
0.02,0,0,0,0.01,0.95,0.01,0,0.1,0.71,0.18,1693,22,23,8.82,969,1110,660,71.2,9,1,1
0,0.01,0,0,0.03,0.93,0,0,0.1,0.7,0.18,5186,10,10,8.8,990,1270,800,74.59,5,1,1
0,0,0,0,0.02,0.94,0.02,0.01,0.1,0.69,0.19,4594,10,4,8.84,980,1220,760,76.09,1,1,1
0,0.01,0,0,0.02,0.95,0,0,0.12,0.68,0.19,5135,12,4,8.84,1019,1340,840,73.09,3,1,1
0.65,0,0,0,0.03,0.25,0.19,0,0.13,0.73,0.13,2591,9,0,8.97,1210,1730,790,67.3,3,1,1
0.01,0,0,0,0,0.98,0,0,0.1,0.69,0.2,1435,17,3,8.59,1019,1420,919,73.4,6,1,1
0.03,0,0,0,0.01,0.94,0,0,0.08,0.69,0.21,3177,15,8,8.55,1050,1450,930,72.59,4,1,1
0.19,0,0,0,0.02,0.76,0,0,0.1,0.64,0.25,4243,14,2,8.68,980,1380,800,74.59,5,0,1
0.23,0,0,0,0.03,0.72,0.04,0,0.1,0.71,0.17,3903,16,5,8.7,1130,1750,1030,71.9,9,1,1
0.01,0,0,0,0.03,0.92,0.02,0,0.13,0.68,0.18,3736,11,7,8.7,1010,1330,840,74.59,5,1,1
0.05,0,0,0,0,0.76,0.18,0.12,0.14,0.66,0.18,4005,8,32,8.13,969,1300,770,72.5,4,1,1
0.09,0.03,0.02,0,0,0.51,0.36,0.14,0.09,0.74,0.15,4773,5,4,8.11,980,1320,790,73.5,2,1,1
0,0,0,0,0,0.89,0.09,0.01,0.04,0.78,0.16,2394,10,6,8.07,940,1200,720,77.4,0,0,1
0.11,0.04,0,0,0.01,0.46,0.41,0.21,0.09,0.77,0.12,3912,10,10,8.1,1040,1420,780,72.59,4,1,1
0.07,0,0,0,0,0.65,0.28,0.26,0.19,0.59,0.2,3145,8,25,8.14,960,1280,740,69.09,1,1,1
0,0,0,0,0.09,0.9,0.01,0,0.15,0.66,0.17,2650,12,65,8.15,1050,1510,960,71,6,1,1
0,0,0,0,0,0.99,0,0,0.15,0.66,0.18,2546,10,49,8.15,969,1360,869,74.8,4,1,1
0,0,0,0,0,0.98,0,0,0.11,0.67,0.21,1441,9,29,8.17,1000,1290,819,74.5,7,1,1
0,0,0,0,0,0.96,0.02,0.02,0.15,0.69,0.15,6600,5,19,8.14,1000,1290,819,74.9,9,1,1
0.04,0.02,0,0,0.03,0.84,0.04,0.01,0.1,0.69,0.2,4448,12,55,8.01,1080,1600,1030,73.4,7,1,1
0.05,0,0,0,0,0.88,0.04,0,0.12,0.69,0.18,2522,9,0,8.1,940,1280,790,76.3,1,0,0
0.14,0,0,0,0.02,0.79,0.04,0,0.16,0.64,0.19,5617,13,27,8.01,1060,1580,1019,73.8,4,1,1
0.15,0.01,0,0,0.01,0.81,0.01,0,0.09,0.69,0.21,5449,9,6,8.07,1019,1480,950,74.4,4,1,1
0.09,0.01,0.01,0,0,0.81,0.05,0.02,0.11,0.67,0.21,4502,6,1,8.11,1010,1380,840,75.09,7,0,0
0.02,0,0,0,0.01,0.92,0.03,0,0.11,0.7,0.17,3879,5,0,8.12,969,1150,730,75.9,4,1,1
0.76,0,0,0,0.01,0.21,0,0,0.14,0.6,0.25,4012,11,15,8.81,1270,2400,1110,75.5,7,1,1
0.82,0.01,0,0,0,0.16,0,0,0.1,0.71,0.17,2565,28,0,8.87,1280,2460,1080,75.4,14,1,1
0.36,0,0,0,0,0.61,0,0,0.13,0.68,0.17,3514,14,18,8.86,1070,1520,830,76.2,9,1,1
0.36,0,0,0,0,0.63,0,0,0.14,0.66,0.18,1298,26,9,8.78,1100,1739,890,74.59,7,1,1
0.4,0,0,0,0,0.59,0,0,0.06,0.72,0.2,1178,13,31,8.78,1100,1689,850,79.4,4,1,1
0.82,0,0,0,0,0.17,0,0,0.11,0.73,0.14,2177,32,0,8.78,1180,1830,730,72.09,5,0,0
0.72,0,0,0,0,0.26,0,0,0.12,0.67,0.2,5116,11,0,8.76,1190,2030,930,72.2,18,1,1
0.71,0,0,0,0,0.28,0,0,0.16,0.64,0.18,1526,12,3,8.77,1250,2300,1090,78.4,4,1,1
0.46,0,0,0,0.01,0.5,0,0,0.12,0.64,0.22,1445,11,23,8.24,1070,1730,840,74.4,6,1,1
0.44,0,0,0,0,0.48,0.04,0.02,0.06,0.67,0.26,2864,4,0,8.21,1080,1880,1060,73.59,5,1,1
0.25,0,0,0,0.02,0.7,0.03,0,0.06,0.6,0.33,2784,12,1,8.22,1040,1780,1040,77.09,7,1,1
0.21,0,0,0,0,0.77,0,0,0.1,0.7,0.18,1814,8,0,8.18,1050,1700,890,75.9,6,1,1
0.22,0,0.01,0,0.01,0.73,0.01,0,0.12,0.7,0.16,6530,6,0,8.18,969,1210,660,76.9,3,0,0
0.04,0,0,0,0.01,0.9,0.04,0.03,0.11,0.67,0.2,1696,12,3,8.15,1000,1460,850,77,13,1,1
0.05,0,0,0,0.01,0.91,0,0,0.07,0.77,0.15,5753,7,18,8.18,910,1050,590,77.5,2,0,0
0.09,0,0.02,0,0.01,0.8,0.03,0.02,0.1,0.7,0.18,9885,6,38,8.22,880,1000,580,78.8,4,0,0
0.09,0,0.01,0,0.02,0.82,0.03,0.01,0.1,0.68,0.2,8780,9,0,8.22,860,1050,600,79.8,4,0,0
0.4,0,0.01,0,0.02,0.51,0.02,0,0.12,0.69,0.17,3816,8,0,8.21,1040,1330,720,78.59,8,1,1
0.4,0,0.01,0,0.04,0.44,0.09,0,0.16,0.69,0.14,3967,5,0,8.21,1130,1390,660,77.59,6,1,1
0.13,0,0,0,0.01,0.83,0,0,0.12,0.66,0.2,2482,8,0,8.2,880,1120,670,77.59,3,0,0
0.17,0,0,0,0.02,0.77,0.03,0,0.11,0.67,0.21,3676,12,1,8.21,940,1150,690,78.5,4,0,0
0.84,0,0,0,0.01,0.12,0,0,0.15,0.72,0.11,1945,5,0,8.2,1360,2360,990,71.9,17,1,1
0.43,0,0.01,0,0.04,0.42,0.08,0,0.1,0.75,0.13,2788,12,0,8.2,1110,1500,850,74.4,12,1,1
0.15,0,0,0,0.03,0.73,0.06,0,0.16,0.67,0.15,8833,6,42,8.18,990,1250,720,77.09,5,1,1
0.27,0,0.01,0,0.01,0.66,0.03,0,0.12,0.71,0.15,4977,11,0,8.17,980,1200,620,76.2,6,0,0
0.67,0,0,0,0.02,0.28,0.01,0,0.14,0.71,0.14,5186,11,0,8.19,1240,1850,880,76,9,1,1
0.31,0,0.01,0.01,0.02,0.59,0.04,0,0.12,0.69,0.18,3589,9,0,8.19,1060,1410,800,75.8,6,1,0
0.65,0,0,0,0,0.31,0.03,0.01,0.16,0.65,0.18,1995,1,0,8.18,1320,2300,1290,69.59,11,1,1
0.75,0,0,0,0.03,0.19,0.01,0,0.15,0.7,0.14,3454,7,0,8.18,1250,2200,969,73.09,15,1,1
0.74,0,0,0,0,0.24,0,0,0.13,0.63,0.22,3865,6,0,8.21,1230,2210,960,73,14,1,1
0.29,0,0,0,0.02,0.63,0.03,0,0.11,0.71,0.16,5273,9,0,8.16,1050,1380,730,75.3,6,1,1
0.12,0,0,0,0.03,0.83,0,0,0.09,0.64,0.25,1254,12,37,8.13,1080,1760,1050,73.59,0,1,1
0.31,0,0,0,0,0.66,0.01,0,0.08,0.65,0.25,1904,16,12,8.06,1070,1680,890,77.5,15,1,1
0.14,0,0,0,0.01,0.79,0.04,0,0.12,0.69,0.18,7969,9,0,8.12,1019,1420,819,76.59,3,1,1
0.1,0,0,0,0.02,0.84,0.02,0,0.1,0.71,0.18,5591,13,5,8.07,1030,1450,860,76.5,5,1,1
0.1,0,0,0,0.02,0.85,0.01,0,0.1,0.77,0.11,7720,7,7,8.1,990,1200,690,76.3,4,1,1
0,0.01,0,0,0.03,0.95,0,0,0.09,0.71,0.18,6326,8,74,8.26,1010,1320,800,74.3,5,1,1
0.04,0.01,0,0,0,0.86,0.07,0,0.09,0.7,0.2,3056,17,77,8.15,1050,1530,919,70.8,6,1,1
0.08,0.01,0,0,0.03,0.81,0.05,0,0.14,0.65,0.19,5877,24,23,8.05,1010,1420,819,73.59,6,1,1
0,0.02,0,0,0.02,0.89,0.05,0,0.08,0.7,0.2,1986,17,1,7.93,990,1330,810,73.59,4,1,1
0,0.02,0,0,0.02,0.9,0.03,0,0.1,0.71,0.18,3316,20,0,8.2,1050,1420,869,72.8,8,1,1
0.06,0,0,0,0,0.89,0.02,0,0.16,0.69,0.14,6978,14,1,8.11,1050,1510,880,74.3,3,1,1
0.03,0.02,0,0,0.01,0.88,0.05,0,0.12,0.66,0.2,4416,18,0,8.27,1019,1460,900,71.9,2,1,1
0.05,0,0.03,0,0.02,0.85,0.02,0.01,0.06,0.7,0.23,3603,22,0,8.25,1019,1440,940,73,4,1,1
0.04,0,0,0,0.01,0.93,0.01,0,0.07,0.68,0.24,5370,15,0,8.26,919,1260,770,77.4,5,0,1
0,0.01,0,0,0.03,0.93,0,0,0.1,0.69,0.19,4262,7,30,8.27,1050,1480,940,73.7,4,1,1
0.01,0,0,0,0.06,0.88,0.03,0.01,0.13,0.68,0.17,6662,6,14,8.37,1030,1430,869,73.9,6,1,1
0.78,0,0,0,0.01,0.09,0.11,0.06,0.17,0.69,0.13,1819,18,0,9.85,1240,2240,910,68.5,10,1,1
0.83,0,0.01,0,0.01,0.14,0,0,0.11,0.77,0.1,3347,8,2,9.83,1220,1960,740,70.8,17,1,1
0.97,0,0,0,0,0.01,0,0,0.22,0.61,0.15,3022,23,0,9.88,1290,2460,980,66.8,17,1,1
0.98,0,0,0,0,0,0,0,0.2,0.62,0.16,2542,35,0,9.89,1400,2540,1060,70.09,18,1,1
0.96,0,0,0,0,0.03,0.01,0,0.03,0.71,0.24,3217,21,0,9.89,1240,2720,1110,66.7,9,1,1
0.96,0.01,0,0,0,0.01,0,0,0.13,0.66,0.2,4781,7,66,9.87,1120,1930,720,70.3,0,0,0
0.96,0,0.02,0,0,0,0,0,0.08,0.71,0.2,2464,22,19,9.91,1070,2060,790,74.5,11,1,1
0.91,0,0,0,0,0,0.06,0.07,0.08,0.72,0.18,1946,23,0,9.94,1110,2240,910,71,11,1,1
0.94,0,0,0,0,0.04,0.01,0,0.07,0.7,0.21,2555,10,0,9.94,1250,2350,950,67.59,13,1,1
0.82,0,0,0,0,0.15,0.01,0.01,0.09,0.66,0.23,3011,7,0,9.92,1260,2380,1010,66.59,10,1,1
0.74,0,0,0,0.02,0.06,0.17,0.11,0.16,0.72,0.11,1878,43,0,9.82,1350,2410,969,68.8,11,1,1
0.63,0,0,0,0,0.27,0.07,0.02,0.15,0.71,0.12,4080,19,0,9.78,1350,2280,950,71.3,13,1,1
0.71,0,0,0,0,0.26,0.02,0,0.06,0.74,0.18,2677,29,0,9.75,1200,1739,710,72.7,8,1,1
0.9,0.01,0.01,0,0,0.05,0,0,0.11,0.68,0.19,2601,8,0,9.79,1240,2000,740,71.59,21,1,1
0.9,0,0,0,0.01,0.01,0.06,0.03,0.18,0.67,0.13,3086,15,0,9.81,1350,2100,800,71.3,20,1,1
0.29,0,0.04,0,0,0.62,0.02,0,0.12,0.77,0.1,3361,19,0,9.85,919,840,390,77.09,3,0,0
0.16,0,0,0,0.01,0.78,0.03,0,0.09,0.74,0.16,3864,13,0,9.86,810,890,509,80.2,4,0,0
0.56,0,0,0,0.03,0.36,0.02,0,0.13,0.74,0.11,3886,22,0,9.93,1180,1700,720,73.09,9,1,1
0.52,0,0.01,0,0.01,0.41,0.01,0,0.02,0.84,0.13,3630,25,0,9.97,1070,1680,720,69,11,1,1
0.95,0,0,0,0,0,0.02,0,0.07,0.79,0.13,1968,10,0,9.97,1350,2760,1150,66.59,9,1,1
0.61,0,0,0,0.01,0.29,0.06,0.05,0.08,0.74,0.17,3481,11,0,9.93,1210,1570,650,73.09,14,0,1
0.91,0,0,0,0,0.02,0.04,0.03,0.14,0.69,0.16,2439,8,0,9.95,1260,2480,990,70.7,19,1,1
0.96,0,0,0,0,0.01,0.02,0,0.14,0.66,0.18,3469,9,0,9.91,1230,2140,810,70.4,8,1,1
0.95,0.01,0,0,0.01,0.02,0.01,0,0.21,0.64,0.14,1187,39,0,9.89,1300,2450,969,72.3,16,1,1
1,0,0,0,0,0,0,0,0.09,0.78,0.12,1172,24,0,9.88,1260,2670,1130,73.5,27,1,1
0.96,0,0,0,0,0.01,0.01,0.01,0.16,0.7,0.13,2168,17,0,9.87,1240,2180,810,73.2,15,1,1
0.93,0,0,0,0,0.06,0,0,0.06,0.81,0.11,2425,5,0,9.84,1190,1789,690,71.5,9,1,1
0.94,0,0,0,0,0.04,0.01,0.01,0.07,0.76,0.15,4396,11,0,9.88,1160,1980,740,71.7,7,1,1
0.9,0,0,0,0.03,0.05,0.01,0,0.13,0.74,0.12,4502,10,0,9.89,1310,2190,810,73.4,9,1,1
0.97,0,0,0,0,0.01,0,0,0.14,0.72,0.13,5291,17,0,9.9,1200,1860,660,73.9,10,1,1
0.88,0.01,0,0,0.03,0.02,0.04,0.01,0.11,0.69,0.18,4002,9,0,9.93,1250,2200,810,70.59,11,1,1
0.77,0,0,0,0,0.02,0.22,0.1,0.17,0.69,0.13,1271,26,0,9.93,1260,2050,760,71.59,2,1,1
0.85,0,0,0,0.04,0.06,0.06,0,0.06,0.68,0.24,2533,16,0,9.95,1310,2500,1000,68,21,1,1
0.83,0,0,0,0,0.08,0.07,0,0.01,0.78,0.2,1738,20,0,9.98,1160,2180,830,69.4,3,1,1
0.41,0,0.07,0,0.04,0.42,0.03,0.01,0.1,0.87,0.01,5177,26,0,9.99,1290,770,360,72.8,15,0,0
0.08,0,0.01,0,0,0.87,0.02,0,0.08,0.75,0.16,3658,12,0,9.93,790,830,500,81.09,2,0,0
0.01,0,0,0,0.02,0.93,0.02,0,0.02,0.63,0.33,2061,12,0,9.96,830,1000,620,80.09,2,0,0
0.17,0,0.04,0,0.02,0.71,0.04,0.01,0.04,0.77,0.18,1142,9,0,9.97,840,840,480,72.2,2,0,0
0.23,0,0.06,0,0.02,0.66,0.04,0.01,0.06,0.86,0.07,3591,17,0,9.97,900,780,350,70.4,5,0,0
0.16,0,0.05,0,0.01,0.63,0.12,0.07,0.1,0.83,0.06,3541,16,0,9.97,869,800,400,72.8,5,0,0
0.93,0,0,0,0,0,0.06,0,0.3,0.62,0.07,1467,40,0,9.97,1520,2790,1160,72.09,9,1,1
0.95,0,0,0,0,0.01,0.02,0,0.13,0.56,0.3,2689,21,1,9.97,1090,2240,919,72.3,8,1,1
0.64,0.01,0,0,0.02,0.19,0.12,0.05,0.13,0.8,0.06,3132,9,0,9.96,1030,869,300,73.3,2,1,1
0.95,0,0,0,0,0.04,0,0,0.12,0.69,0.18,3915,14,11,9.95,1200,2360,900,71.09,14,1,1
0.44,0,0.01,0,0.03,0.5,0.01,0,0.11,0.69,0.18,4009,13,0,9.72,919,1290,640,74.4,5,0,0
0.82,0,0,0,0,0.1,0.07,0.04,0.18,0.64,0.16,1746,17,0,9.85,1290,2300,1040,66.5,11,1,1
0.06,0,0,0,0,0.83,0.09,0.06,0.07,0.7,0.21,4787,34,0,9.82,810,950,680,75.7,1,0,0
0.98,0,0,0,0,0.01,0,0,0.06,0.74,0.18,2369,20,0,9.9,1200,2230,830,69.2,22,1,1
0.95,0,0,0,0,0.04,0,0,0.06,0.67,0.26,2473,22,0,9.92,1200,2410,960,67.59,13,1,1
0.58,0.04,0.01,0,0,0.28,0.1,0.06,0.1,0.77,0.12,3925,5,0,9.96,1060,940,420,76.8,3,1,0
0.6,0.01,0,0,0.01,0.29,0.06,0.01,0.13,0.73,0.12,6118,13,5,9.67,1040,1530,750,72.59,9,1,1
0.79,0,0,0,0.01,0.09,0.09,0,0.14,0.76,0.09,6287,17,8,9.68,1090,1510,700,71.5,6,1,1
0.76,0,0,0,0,0.21,0.01,0,0.11,0.71,0.16,2409,17,6,9.62,990,1460,660,75.7,5,0,0
0.81,0,0,0,0,0.16,0.01,0,0.14,0.75,0.09,3702,18,43,9.61,1160,1570,720,73.2,10,1,1
0.87,0,0,0,0,0.1,0,0,0.14,0.74,0.1,2691,8,0,9.7,1100,1470,540,75.7,12,0,0
0.9,0,0,0,0.01,0.06,0,0,0.18,0.68,0.12,5838,13,0,9.64,1100,1510,530,73.59,6,0,0
0.44,0,0,0,0.01,0.53,0,0,0.18,0.63,0.18,4940,6,12,9.68,1019,1450,800,71.2,4,1,1
0.34,0,0,0,0.01,0.62,0,0,0.11,0.73,0.14,4406,15,22,9.71,940,1190,690,72.2,7,1,1
0.91,0,0,0,0.05,0.03,0,0,0.13,0.7,0.16,1349,15,0,9.81,1260,2250,860,72,20,1,1
0.61,0,0,0,0,0.19,0.18,0.15,0.1,0.71,0.18,2813,12,0,9.76,1130,1830,819,70.2,21,1,1
0.76,0,0,0,0.03,0.16,0.03,0.01,0.09,0.7,0.19,2856,17,0,9.78,1170,1820,780,68.4,7,1,1
0.92,0,0,0,0.01,0.03,0.01,0.01,0.2,0.63,0.15,3819,16,0,9.83,1290,2270,869,69.09,15,1,1
0.75,0.01,0,0,0.01,0.17,0.01,0.03,0.13,0.75,0.11,3842,18,0,9.74,1270,2280,1030,68.3,15,1,1
0.78,0,0,0,0,0.15,0.02,0.05,0.17,0.68,0.14,2478,16,0,9.69,1050,1530,730,75.7,7,0,0
0.89,0,0,0,0.03,0.07,0.01,0,0.13,0.72,0.13,6026,17,0,9.86,1210,1920,740,72.7,17,0,1
0.91,0,0,0,0.01,0.04,0.01,0.01,0.09,0.68,0.22,2242,8,0,9.85,1150,2130,810,73.8,4,1,1
0.22,0,0,0,0.06,0.59,0.13,0.05,0.21,0.7,0.07,1508,7,0,9.97,900,660,280,78.8,1,0,0
0.03,0,0.04,0,0,0.82,0.08,0,0.14,0.74,0.11,5039,16,0,9.95,819,770,400,79.59,0,0,0
0.04,0,0,0,0.02,0.9,0.01,0,0.13,0.74,0.11,2465,9,0,9.93,780,670,400,81.2,1,0,0
0.01,0,0.01,0,0.01,0.9,0.04,0.03,0.19,0.7,0.1,3782,28,0,9.95,790,570,330,80.3,1,0,0
0.26,0,0.08,0,0.05,0.54,0.05,0,0.11,0.78,0.09,5047,17,0,9.94,930,770,400,79.09,1,0,0
0.03,0,0.02,0,0,0.91,0.01,0,0.14,0.7,0.14,7051,15,6,9.89,780,710,440,82.3,1,0,0
0,0,0,0,0,0.97,0.01,0,0.16,0.63,0.2,3058,23,9,9.9,760,830,530,83,0,0,0
0.4,0,0,0,0,0.57,0.01,0,0.1,0.72,0.17,6282,14,0,9.81,890,1060,509,78.4,4,0,0
0,0,0.01,0,0,0.96,0,0,0.18,0.64,0.16,3014,14,0,9.88,740,860,550,80.3,0,0,0
0.03,0,0.01,0,0.02,0.92,0,0,0.11,0.68,0.19,7215,7,0,9.77,780,910,530,82.1,4,0,0
0.59,0.01,0,0.01,0,0.3,0.07,0.04,0.13,0.74,0.11,4734,18,18,9.81,1170,1680,810,69.3,10,1,1
0.11,0,0,0,0,0.81,0.06,0,0.13,0.69,0.16,5923,19,35,9.48,880,1019,580,74.9,4,0,0
0.59,0,0,0,0.02,0.37,0,0,0.13,0.68,0.18,1806,17,12,9.52,1100,1610,760,71.2,2,1,1
0.57,0,0.01,0,0.02,0.34,0.07,0.02,0.13,0.71,0.14,7821,9,3,9.55,1010,1210,590,76.09,9,0,0
0.08,0,0,0,0.01,0.87,0.02,0,0.16,0.72,0.11,11749,11,35,9.5,869,919,509,78.8,4,0,0
0.14,0,0.01,0,0.02,0.78,0.03,0.02,0.14,0.66,0.18,4853,17,87,9.55,840,950,560,79.4,2,0,0
0.2,0,0,0,0,0.77,0,0,0.08,0.75,0.15,5428,13,23,9.25,930,940,530,77.59,3,0,0
0.23,0,0.02,0,0.04,0.65,0.02,0.01,0.17,0.66,0.16,8926,11,14,9.33,910,1010,570,79.2,1,0,0
0.33,0,0,0,0,0.61,0.04,0.03,0.12,0.66,0.2,2142,22,1,9.42,869,1080,640,73.3,0,0,0
0.19,0,0,0,0.01,0.79,0.01,0,0.08,0.75,0.15,5406,14,13,9.27,930,1130,640,77.8,5,0,0
0.77,0,0,0,0.01,0.14,0.06,0.05,0.13,0.77,0.08,5475,13,0,9.49,1120,1370,590,75.9,8,1,0
0.42,0,0,0,0,0.54,0.02,0,0.13,0.73,0.12,4106,15,1,9.45,919,940,500,75.4,1,0,0
0.68,0,0,0,0.06,0.22,0.02,0,0.24,0.68,0.06,3563,9,2,9.55,1160,1460,630,71.7,12,1,1
0.58,0,0,0,0,0.3,0.1,0.02,0.2,0.7,0.08,3898,14,27,9.52,1210,1370,610,73.5,14,1,1
0.16,0,0,0,0.04,0.68,0.1,0.03,0.13,0.73,0.13,3468,12,31,9.27,1000,1330,790,74.09,8,0,0
0.04,0,0,0,0.02,0.92,0,0,0.13,0.71,0.14,6587,9,47,9.28,880,919,540,74.3,3,0,0
0.06,0,0,0,0,0.91,0,0,0.06,0.73,0.19,6934,7,57,9.2,1000,1280,780,73.2,2,0,0
0,0,0,0,0.02,0.96,0,0,0.13,0.67,0.18,5916,9,80,9.31,950,1170,740,73.9,5,0,0
0.12,0,0,0,0.02,0.84,0,0,0.07,0.75,0.16,3656,17,50,9.49,930,1100,650,72.5,5,0,0
0.16,0,0.02,0,0,0.75,0.04,0.03,0.11,0.72,0.16,9548,7,41,9.65,900,1019,610,79.4,5,0,0
0.02,0,0,0,0.01,0.96,0,0,0.12,0.69,0.18,4060,8,63,9.4,890,1100,680,76,1,0,0
0.03,0,0.01,0,0,0.86,0.08,0.06,0.14,0.65,0.2,7626,6,22,9.57,860,1130,710,74.4,4,0,0
0.01,0,0,0,0,0.92,0.06,0.02,0.15,0.7,0.13,2366,12,26,9.46,969,1260,760,72.4,8,1,1
0.62,0,0,0,0.03,0.29,0.04,0,0.16,0.65,0.17,7356,10,2,9.55,1080,1400,740,73.59,10,1,1
0.78,0,0,0,0.02,0.18,0,0,0.23,0.67,0.08,4482,13,0,9.62,1170,1610,700,72.59,13,1,1
0.82,0,0,0,0,0.16,0.01,0,0.2,0.67,0.12,2868,16,3,9.58,1130,1530,680,75,6,1,0
0.29,0,0,0,0,0.43,0.28,0.17,0.15,0.61,0.23,2556,17,4,9.7,1140,1930,1130,69.4,14,1,1
0.89,0,0,0,0,0.05,0.02,0.03,0.09,0.69,0.2,2326,13,1,9.75,1130,2160,819,75.09,12,1,1
0.44,0,0.02,0,0,0.49,0.04,0.02,0.08,0.7,0.2,4039,13,17,9.76,990,1450,660,74.2,11,0,1
0.37,0,0.03,0,0.04,0.51,0.01,0.01,0.14,0.69,0.16,7777,7,14,9.8,969,1150,580,76.3,2,0,0
0.55,0,0,0,0,0.42,0.01,0,0.1,0.72,0.17,4147,9,41,9.62,1030,1580,780,67.09,11,0,1
0.42,0.01,0,0,0,0.55,0,0,0.11,0.63,0.24,2446,10,69,9.49,1030,1470,840,72.2,7,0,0
0.21,0,0,0,0.01,0.75,0.01,0,0.07,0.77,0.15,3603,27,44,9.28,890,1120,610,74,4,0,0
0.09,0,0,0,0.01,0.85,0.01,0.01,0.11,0.7,0.18,4026,10,55,9.49,940,1220,760,69.4,16,0,1
0.47,0,0,0,0.02,0.5,0,0,0.12,0.67,0.19,2456,6,12,9.77,900,1160,660,75.8,3,0,0
0.66,0,0,0,0,0.32,0,0,0.05,0.75,0.18,7434,5,15,9.72,940,1190,530,72.3,5,0,0
0.87,0,0,0,0.02,0.06,0.03,0,0.09,0.68,0.22,3795,9,7,9.8,1010,1580,580,73,8,0,0
0.64,0.02,0.01,0,0.01,0.29,0,0,0.15,0.74,0.1,2597,8,5,9.78,1019,1400,710,70.5,8,1,1
0.41,0,0,0,0.05,0.52,0,0,0.12,0.68,0.18,3211,8,74,9.65,1060,1490,770,73.9,7,0,0
0.35,0,0,0,0.04,0.59,0,0,0.17,0.67,0.15,3908,14,12,9.76,1100,1780,940,69.59,10,1,1
0.35,0,0,0,0.03,0.6,0,0,0.16,0.69,0.13,2894,18,0,9.69,1050,1420,790,72.09,5,1,1
0.25,0,0,0,0.01,0.54,0.1,0.14,0.11,0.71,0.17,3727,12,0,9.65,930,1450,880,75.59,1,1,1
0.08,0,0.08,0,0,0.82,0,0,0.15,0.75,0.08,6255,6,0,9.74,780,680,360,80.09,2,0,0
0.11,0.01,0,0,0,0.86,0,0,0.12,0.67,0.19,2466,14,36,9.6,850,910,540,76.2,3,0,0
0,0,0.03,0,0,0.95,0,0,0.14,0.65,0.2,2505,18,0,9.85,810,810,509,78.5,4,0,0
0.03,0,0.02,0,0.01,0.9,0.01,0,0.08,0.73,0.18,4471,8,0,9.82,819,650,390,79.59,6,0,0
0.01,0,0,0,0,0.94,0.03,0,0.14,0.65,0.19,4212,9,0,9.91,750,930,610,78.7,2,0,0
0.14,0,0.03,0,0.02,0.74,0.05,0.04,0.12,0.69,0.18,6368,18,0,9.9,800,930,580,84.6,2,0,0
0.25,0,0.02,0,0.01,0.69,0.01,0,0.16,0.68,0.14,4811,10,0,9.86,850,780,420,80.3,3,0,0
0.34,0,0,0,0.01,0.41,0.22,0.17,0.22,0.69,0.08,5516,13,0,9.9,869,1000,540,74.2,4,1,1
0.09,0,0.03,0,0,0.83,0.02,0.01,0.08,0.73,0.18,3934,12,0,9.82,810,660,380,77.2,5,0,0
0,0,0.01,0,0,0.96,0.01,0,0.15,0.68,0.15,5506,7,5,9.87,770,830,500,82.9,2,0,0
0.51,0,0,0,0.03,0.32,0.13,0.05,0.14,0.78,0.06,4663,12,0,9.88,890,780,370,77.8,4,1,1
0.41,0,0.09,0,0.05,0.25,0.2,0.03,0.15,0.77,0.06,4398,6,0,9.84,1040,840,409,77.2,2,0,0
0.06,0,0.02,0,0.01,0.79,0.08,0.06,0.15,0.69,0.14,6200,5,0,9.93,790,830,520,84.4,0,0,0
0.89,0,0,0,0.01,0.01,0.07,0,0.21,0.58,0.19,1759,16,0,9.94,1180,2680,1140,71.9,2,1,1
0.95,0,0,0,0,0.01,0.03,0.03,0.16,0.63,0.19,3837,15,3,9.9,1220,2420,980,70.8,10,1,1
0.89,0,0,0,0,0.05,0.04,0,0.12,0.75,0.11,2238,16,0,9.88,1170,1670,640,70.3,13,1,1
0.73,0,0,0,0.06,0.05,0.15,0.09,0.09,0.69,0.2,3173,17,0,9.84,1190,2270,950,73,14,1,1
0.89,0,0,0,0,0.08,0.03,0.02,0.11,0.72,0.15,4696,12,0,9.83,1090,1570,580,69.7,3,0,1
0.78,0,0,0,0.01,0.11,0.07,0.07,0.14,0.67,0.17,3459,22,0,9.82,1220,2240,900,70.59,10,1,1
0.8,0,0,0,0.01,0.11,0.07,0.02,0.09,0.71,0.19,2096,42,0,9.77,1200,2350,1000,68.7,13,1,1
0.72,0,0,0,0,0.26,0,0,0.11,0.7,0.18,1525,17,1,9.81,1040,1730,800,69.2,11,1,1
0.53,0,0,0,0,0.46,0,0,0.14,0.65,0.2,2205,17,48,9.74,960,1430,869,72.8,6,0,0
0,0,0,0,0.03,0.94,0.02,0,0.09,0.73,0.16,3681,7,68,9.52,910,1140,720,77,6,0,0
0.2,0,0,0,0,0.78,0,0,0.14,0.68,0.17,3681,8,20,9.56,940,1220,670,76.7,5,0,0
0.05,0,0,0,0,0.91,0.02,0,0.07,0.73,0.19,4557,17,34,9.25,960,1250,730,71.4,1,0,0
0.48,0,0,0,0,0.46,0.04,0.03,0.1,0.71,0.17,3237,14,29,9.52,1030,1510,740,70.8,9,0,0
0.74,0,0,0,0.01,0.23,0,0,0.06,0.78,0.15,4769,11,18,9.61,1030,1420,660,75.9,11,0,0
0.31,0,0.03,0,0,0.64,0,0,0.08,0.76,0.15,13851,8,40,9.52,890,960,500,75.09,3,0,0
0.21,0,0.04,0,0.01,0.68,0.02,0,0.08,0.78,0.12,9888,12,8,9.74,830,819,420,79.59,3,0,0
0.32,0,0,0,0,0.65,0,0,0.07,0.66,0.26,2510,11,0,9.71,1000,1570,940,73.8,7,1,1
0.36,0,0.05,0,0.01,0.49,0.06,0.01,0.13,0.73,0.12,9119,9,1,9.87,869,940,459,76.4,3,0,0
0.18,0,0.07,0,0.06,0.62,0.04,0,0.15,0.75,0.09,6179,6,0,9.94,800,700,370,79,3,0,0
0.26,0,0.02,0,0,0.65,0.03,0.01,0.16,0.73,0.09,4164,5,0,9.92,880,840,490,80.4,3,0,0
0.18,0,0.03,0,0,0.77,0,0,0.11,0.7,0.17,5529,10,0,9.93,770,919,570,81.09,1,0,0
0.32,0,0.12,0,0.01,0.46,0.07,0,0.15,0.71,0.12,3289,13,0,9.86,900,770,420,79.5,2,0,0
0.02,0,0,0,0,0.94,0.01,0,0.12,0.6,0.26,2951,13,0,9.91,780,1050,720,78.5,4,0,0
0.17,0,0.12,0,0.03,0.66,0.01,0,0.1,0.75,0.13,5210,10,0,9.83,850,819,420,82.9,3,0,0
0.01,0,0,0,0,0.95,0.01,0,0.16,0.66,0.16,4193,10,0,9.91,790,840,509,81.4,2,0,0
0.08,0,0.06,0,0.05,0.76,0.04,0.01,0.14,0.68,0.16,9914,5,1,9.88,790,860,459,82.2,3,0,0
0.09,0,0,0,0.01,0.87,0.01,0,0.14,0.62,0.22,4491,17,0,8.55,1060,1710,1060,73.7,10,1,1
0.11,0,0,0,0,0.86,0,0.02,0.09,0.71,0.18,5482,13,1,8.71,1019,1520,950,74.4,11,1,1
0.11,0,0,0,0,0.84,0.03,0,0.08,0.67,0.23,3912,16,7,8.82,969,1440,869,76.5,4,1,1
0.19,0,0.04,0,0.01,0.72,0.02,0,0.04,0.87,0.07,1799,14,0,8.21,1220,930,500,72,14,0,1
0.18,0,0,0,0,0.81,0,0,0.13,0.69,0.17,2175,5,0,8.23,1150,1770,1030,70,5,1,1
0.9,0,0,0,0,0.04,0.04,0,0.15,0.67,0.17,1119,13,0,8.21,1320,2390,950,65.7,4,1,1
0.14,0,0,0,0.01,0.78,0.03,0,0.04,0.78,0.16,3023,8,0,8.17,980,1100,710,75.9,3,0,0
0.2,0.01,0,0,0.01,0.74,0,0,0.07,0.84,0.07,3150,10,0,8.18,1050,1050,630,72.8,4,1,1
0.22,0,0,0,0,0.5,0.25,0,0.21,0.69,0.08,1534,8,0,8.19,1180,1480,819,67.3,10,1,1
0.17,0,0.01,0,0.03,0.69,0.07,0,0.15,0.69,0.14,3660,5,0,8.16,1120,1650,980,72.7,10,1,1
0.22,0,0.01,0,0,0.72,0.04,0,0.11,0.65,0.23,7190,6,0,8.14,950,1340,860,77.4,3,1,0
0.26,0,0,0,0.02,0.64,0.04,0,0.09,0.73,0.17,4691,11,0,8.15,1040,1440,810,72.9,3,1,1
0.08,0,0.01,0,0,0.87,0,0.01,0.09,0.68,0.21,5542,6,0,8.09,890,1019,590,77.4,5,0,0
0.07,0,0,0,0.04,0.86,0.02,0,0.13,0.66,0.19,4616,9,0,8.1,869,1110,700,77.9,1,0,0
0.08,0,0,0,0,0.9,0,0,0.09,0.7,0.2,3893,11,4,8.09,940,1330,770,75.59,4,0,0
0,0,0.02,0,0,0.95,0.01,0,0.17,0.63,0.18,2049,25,22,7.84,980,1340,860,75.7,4,1,1
0,0,0,0,0,0.94,0.04,0,0.1,0.7,0.19,6147,10,6,7.86,910,1060,660,74.8,2,0,0
0.13,0.01,0.01,0,0,0.81,0.01,0,0.07,0.61,0.3,7568,12,0,8.09,869,1310,840,79.7,4,0,0
0.01,0,0,0,0.02,0.95,0,0,0.09,0.69,0.2,5411,19,0,7.9,880,1060,660,74.59,5,0,0
0,0,0,0,0,0.99,0,0,0.1,0.7,0.18,4447,11,0,7.78,910,1090,680,77.3,6,0,0
0.01,0,0,0,0.02,0.92,0.03,0,0.1,0.7,0.19,4628,22,0,7.95,910,1240,790,76.9,3,1,1
0.02,0,0,0,0,0.95,0,0,0.13,0.68,0.18,6917,18,0,8.02,910,1120,660,77.9,1,0,0
0,0,0,0,0.01,0.96,0,0,0.1,0.68,0.2,4633,11,0,7.86,890,1150,730,74.5,4,0,0
0,0,0,0,0.01,0.97,0,0,0.1,0.7,0.19,4498,10,0,7.9,969,1270,800,75.8,7,0,0
0.09,0.01,0,0,0.01,0.83,0.04,0,0.07,0.71,0.21,3866,21,0,8.08,930,1360,830,77.59,5,0,0
0.41,0.02,0,0,0.04,0.47,0.04,0,0.11,0.67,0.21,4020,16,12,8.22,1100,1660,819,72.5,7,1,1
0,0.08,0,0,0.08,0.81,0,0,0.13,0.7,0.15,4773,8,35,8.23,990,1210,740,77.3,5,0,0
0.13,0.03,0,0,0.03,0.76,0.02,0,0.1,0.66,0.23,4203,6,33,8.36,1070,1600,980,73.09,10,1,1
0,0.03,0,0,0.05,0.87,0.03,0,0.14,0.69,0.15,6251,8,46,8.42,1070,1310,800,71.9,2,1,1
0.01,0.08,0,0,0.04,0.83,0,0,0.08,0.72,0.18,4604,6,36,8.46,1010,1220,720,72.2,4,0,0
0,0.08,0,0,0.02,0.86,0.02,0.02,0.08,0.73,0.17,3550,9,27,8.3,1040,1370,850,76.2,2,0,0
0.05,0.04,0,0,0.06,0.83,0,0,0.11,0.73,0.15,1939,10,12,8.22,1000,1280,760,73,5,1,1
0.16,0,0.07,0,0.02,0.71,0.04,0,0.05,0.87,0.07,5380,9,0,9.08,960,700,400,79.09,1,0,0
0.12,0,0.09,0,0.02,0.73,0.01,0,0.02,0.88,0.09,2327,4,0,9.09,1030,730,450,83.1,5,0,1
0.16,0,0.02,0,0.01,0.76,0.05,0,0.07,0.81,0.1,6991,8,12,9.08,1000,730,430,79.4,1,0,0
0.13,0,0.14,0,0.01,0.69,0.01,0,0.14,0.7,0.15,10552,6,23,9.08,840,950,500,81.9,3,0,0
0.44,0,0.08,0,0,0.45,0,0,0.17,0.73,0.08,6413,5,0,9.08,1030,1030,430,73.5,4,0,0
0.09,0,0.02,0,0,0.77,0.08,0,0.11,0.75,0.13,4163,8,0,9.07,930,1000,540,83.7,8,0,0
0.23,0,0.06,0,0,0.65,0.03,0,0.08,0.86,0.04,5410,4,0,9.08,1100,710,370,77.9,3,0,1
0.32,0,0.07,0,0.01,0.54,0.03,0,0.11,0.78,0.1,9494,6,28,9,900,919,409,79,2,0,0
0.39,0,0.05,0,0,0.46,0.08,0,0.1,0.75,0.13,10870,6,0,9.06,990,1190,630,78.3,4,1,0
0.16,0,0.04,0,0,0.76,0,0,0.09,0.71,0.19,4787,5,2,9.03,869,1060,600,79,2,0,0
0.3,0,0,0,0.01,0.66,0.01,0.01,0.12,0.69,0.17,3185,4,0,9.08,990,1320,720,76.5,2,1,0
0.91,0,0,0,0,0.08,0,0,0.1,0.78,0.1,3729,4,1,9.09,1240,2050,780,70.3,10,1,1
0.69,0,0.03,0,0.02,0.23,0.03,0,0.16,0.73,0.09,3985,5,1,9.07,1170,1739,720,75.7,9,1,1
0.24,0,0.04,0,0.04,0.61,0.04,0,0.11,0.76,0.12,10459,6,28,9.09,980,1160,560,76.59,4,0,0
0.13,0,0,0,0.02,0.8,0.03,0,0.14,0.72,0.13,8373,16,14,9.04,1030,1280,710,76.5,5,1,1
0.07,0,0.01,0,0.01,0.83,0.04,0.02,0.1,0.72,0.17,8753,20,43,9.09,940,1160,640,77,8,0,0
0.14,0,0,0,0.02,0.78,0.03,0,0.13,0.68,0.17,7404,8,16,9.12,900,969,540,77.3,6,0,0
0.09,0,0,0,0.02,0.83,0.04,0,0.11,0.8,0.07,3529,4,96,9.16,980,869,450,74.7,2,0,0
0.12,0,0,0,0.02,0.8,0.04,0,0.19,0.71,0.09,11358,7,87,9.15,960,910,470,83.5,7,0,0
0.11,0,0,0,0.06,0.78,0.03,0,0.12,0.73,0.14,5124,6,90,9.14,1010,1090,550,76.09,9,0,0
0.23,0,0,0,0,0.73,0.01,0,0.07,0.7,0.22,2113,6,89,9.14,1010,1180,660,75.7,5,1,0
0.3,0,0,0,0.02,0.65,0.01,0,0.12,0.72,0.15,3774,5,70,9.06,1040,1440,730,73.3,3,1,0
0.23,0,0.02,0,0,0.71,0.02,0,0.18,0.69,0.12,9020,6,71,9.1,930,1090,550,75.5,1,0,0
0.03,0,0,0,0.02,0.89,0.04,0.01,0.11,0.73,0.14,4769,9,0,8.33,969,1130,650,77.5,7,0,0
0.04,0,0,0,0.01,0.92,0,0,0.14,0.67,0.17,5828,8,0,8.17,1010,1180,720,76.4,3,1,0
0.04,0.01,0,0,0,0.81,0.13,0.06,0.11,0.71,0.16,4531,8,0,8.28,1019,1230,700,73.3,1,1,0
0.03,0,0,0,0.01,0.91,0.03,0,0.08,0.75,0.15,5361,11,0,8.12,969,1120,650,74.5,4,0,0
0.05,0,0,0,0.01,0.93,0,0,0.11,0.75,0.13,3624,17,0,7.98,900,1060,630,78.8,3,0,0
0.09,0,0.01,0,0,0.75,0.12,0,0.08,0.72,0.18,6626,13,3,8.23,1030,1320,780,75.4,2,1,1
0.1,0,0.06,0,0,0.76,0.05,0,0.11,0.72,0.15,5712,7,0,8.35,1000,1170,670,71.59,8,0,0
0.2,0,0,0,0.01,0.76,0.01,0,0.09,0.53,0.36,2727,9,0,8.39,969,1650,1050,72.09,15,1,1
0.07,0,0,0,0.03,0.69,0.19,0.12,0.17,0.67,0.15,4946,8,0,8.35,1050,1430,850,74.7,12,1,1
0.18,0.01,0,0.02,0.01,0.66,0.11,0,0.18,0.72,0.08,2416,11,0,8.4,1110,1320,710,72.7,13,1,1
0.16,0.01,0,0,0,0.73,0.08,0.04,0.08,0.78,0.12,8494,5,0,8.45,910,1060,570,78.3,11,0,1
0.12,0,0,0,0.01,0.81,0.03,0.01,0.1,0.75,0.14,11132,9,0,8.53,940,1019,550,78.09,4,0,0
0.13,0,0,0,0.03,0.78,0.05,0.01,0.1,0.69,0.2,4765,16,0,8.45,890,1060,620,80.3,2,0,0
0.55,0,0,0,0.01,0.39,0.05,0,0.08,0.77,0.13,2848,7,0,8.43,1070,1500,670,75.7,4,0,0
0.18,0,0,0,0.04,0.73,0.04,0.02,0.07,0.74,0.17,6317,16,0,8.56,990,1330,690,75.9,8,0,0
0.22,0.01,0.04,0,0.03,0.65,0.03,0.01,0.14,0.76,0.08,14631,9,0,8.67,880,900,430,80.4,4,0,0
0.64,0,0,0,0,0.34,0,0,0.13,0.64,0.22,3373,14,28,8.73,1180,2030,980,74,8,1,1
0.66,0,0,0,0.01,0.32,0.01,0,0.07,0.7,0.21,2480,32,20,8.74,1170,1900,819,76.9,7,1,1
0.95,0,0,0,0.01,0.03,0,0,0.12,0.69,0.18,1499,16,57,8.52,1260,2230,890,72.59,14,1,1
0.82,0,0,0,0,0.17,0,0,0.13,0.75,0.1,2727,15,65,8.49,1220,2060,900,71.3,11,1,1
0.61,0,0,0,0,0.37,0,0,0.09,0.7,0.19,1387,12,71,9.02,1080,1750,810,72.2,1,1,1
0.44,0,0,0,0.01,0.54,0,0,0.07,0.67,0.24,2633,8,76,9.03,1130,1770,850,74.5,6,1,1
0.84,0,0,0,0,0.14,0,0,0.04,0.66,0.29,1139,11,74,9.06,1050,1839,720,76.5,13,0,1
0.96,0,0,0,0,0.03,0,0,0.13,0.68,0.18,1586,8,85,9.02,1240,2160,850,72.9,8,1,1
0.82,0,0,0,0.01,0.15,0,0,0.08,0.64,0.27,954,13,77,9.04,1100,1970,750,74,4,1,1
0.97,0,0,0,0,0,0.01,0,0.02,0.7,0.27,920,5,97,9.05,1170,2000,740,66.4,11,1,1
1,0,0,0,0,0,0,0,0.11,0.71,0.16,1391,7,93,9.03,1210,1810,700,71.09,11,1,1
0.94,0,0,0,0,0.05,0.08,0,0.23,0.52,0.24,1033,4,92,9.03,1290,2650,1150,68.9,2,1,1
0.97,0,0,0,0.01,0,0,0,0.13,0.7,0.16,1295,7,99,9.03,1210,1850,710,73.4,11,0,1
0.8,0,0,0,0,0.19,0,0,0.15,0.7,0.14,2519,18,59,9.01,1190,2000,819,75,17,1,1
0.96,0,0,0,0,0.03,0,0,0.08,0.63,0.27,1357,15,75,8.95,1270,2440,990,78.9,15,1,1
0.85,0,0,0,0.01,0.09,0.04,0,0.23,0.66,0.09,925,7,0,8.42,1400,2270,930,71.8,7,1,1
0.82,0,0,0,0,0.13,0.04,0,0.02,0.91,0.06,3712,15,0,8.45,1430,950,430,72,15,0,1
0.72,0,0,0,0.04,0.15,0.07,0.03,0.13,0.69,0.17,3849,13,0,8.47,1270,2039,880,72.5,7,1,1
0.81,0.01,0.03,0,0.01,0.06,0.08,0,0.17,0.68,0.14,3737,12,0,8.49,1370,2220,919,76.59,8,1,1
0.78,0,0,0,0,0.17,0.01,0.02,0.08,0.75,0.16,4935,12,0,8.47,1130,1689,650,76.09,6,0,0
0.72,0,0,0,0.05,0.14,0.09,0,0.15,0.68,0.15,2031,3,0,8.54,1230,1989,880,73.5,5,1,1
0.77,0,0,0,0.04,0.15,0.02,0,0.15,0.67,0.16,2438,13,0,8.55,1190,1770,700,73.8,9,1,1
0.76,0,0.01,0,0.01,0.18,0.01,0.01,0.03,0.73,0.23,1558,9,0,8.55,1110,1520,600,75.8,4,1,0
0.48,0,0.03,0,0.07,0.38,0.02,0,0.06,0.73,0.2,1230,22,0,8.57,1080,1510,740,70.9,7,0,0
0.65,0,0,0,0.02,0.2,0.1,0.01,0.13,0.66,0.19,2062,17,0,8.55,1210,1939,980,73.5,8,1,1
0.61,0,0,0,0.02,0.23,0.13,0.07,0.11,0.7,0.18,2478,15,0,8.51,1280,1989,890,72.09,11,1,1
0.71,0,0,0,0,0.26,0,0,0.06,0.61,0.31,2441,7,0,8.53,1150,2030,1060,74.8,14,1,1
0.07,0,0.02,0,0.01,0.85,0.04,0,0.09,0.65,0.25,4509,12,0,8.42,880,1150,740,78.09,6,0,0
0,0,0,0,0,0.95,0.02,0,0.06,0.78,0.15,2084,7,0,8.47,910,810,490,78.3,5,0,0
0.02,0,0.04,0,0.04,0.84,0.05,0,0.07,0.79,0.12,2801,20,0,8.51,940,869,520,73.59,3,0,0
0.95,0,0,0,0,0.01,0.03,0.01,0.23,0.64,0.12,2698,15,0,8.56,1610,2400,1030,71.8,25,1,1
0.71,0,0.03,0,0.03,0.16,0.04,0.01,0.09,0.82,0.08,3335,9,0,8.58,1230,1220,500,73.8,11,1,1
0.6,0.02,0.02,0,0.03,0.23,0.1,0,0.11,0.73,0.14,1955,12,0,8.56,1150,1550,730,72.3,7,1,1
0.11,0,0.04,0,0.03,0.68,0.13,0,0.06,0.82,0.1,2025,6,0,8.61,930,910,480,78.09,2,0,0
0.39,0,0.01,0,0.04,0.5,0.04,0.01,0.1,0.79,0.1,5240,17,0,8.63,1030,969,509,77.4,3,0,0
0.38,0,0.03,0,0.01,0.45,0.11,0.03,0.05,0.83,0.11,4719,11,0,8.6,1100,1019,560,74.7,7,0,0
0,0,0,0,0,0.98,0,0,0.14,0.62,0.23,1777,7,0,8.51,800,860,550,80.2,4,0,0
0.02,0.01,0,0,0.01,0.9,0.03,0,0.14,0.61,0.23,3560,12,0,8.47,790,980,660,81.2,1,0,0
0,0.01,0.08,0,0.02,0.86,0.01,0,0.12,0.6,0.27,3676,6,0,8.51,780,1000,630,81.7,2,0,0
0.04,0,0.03,0,0,0.89,0.02,0,0.05,0.58,0.36,1657,21,0,8.5,770,1150,840,81.59,3,0,0
0.01,0,0.05,0,0.03,0.87,0.04,0,0.1,0.67,0.21,2178,3,0,8.53,800,969,630,81.5,2,0,0
0,0,0.01,0,0.01,0.88,0.08,0.04,0.17,0.69,0.13,2048,8,0,8.55,880,869,570,78.8,4,0,0
0.45,0,0,0,0.04,0.25,0.24,0.16,0.17,0.73,0.08,3139,12,0,8.57,1320,1660,850,67.7,8,1,1
0.2,0,0.01,0,0.05,0.48,0.26,0.15,0.1,0.7,0.19,1787,8,0,8.61,1160,1610,919,69.5,9,1,1
0.17,0,0,0,0.06,0.57,0.19,0.09,0.12,0.69,0.17,4657,4,0,8.61,1130,1410,790,72,5,1,1
0.38,0.02,0,0,0.03,0.16,0.41,0.16,0.22,0.73,0.04,3313,28,0,8.58,1230,1440,660,74,1,1,1
0.51,0,0.01,0,0.06,0.29,0.15,0.05,0.14,0.8,0.04,3336,13,0,8.58,1160,1019,470,67.3,7,1,1
0.1,0,0.01,0,0,0.87,0,0,0.09,0.65,0.25,3931,15,0,8.55,890,1250,880,80.5,4,0,0
0.1,0,0.03,0,0.01,0.82,0.01,0,0.08,0.63,0.27,4123,24,0,8.54,880,1230,800,83.3,3,0,0
0.02,0.01,0.03,0,0,0.87,0.04,0,0.13,0.6,0.26,2916,12,0,8.51,830,1030,630,81.9,2,0,0
0.22,0,0,0,0.03,0.67,0.04,0.01,0.09,0.67,0.22,4514,21,0,8.57,930,1180,780,77.4,6,0,0
0.07,0,0.03,0,0.06,0.81,0.02,0,0.11,0.72,0.16,7349,28,0,8.54,910,969,540,79.8,2,0,0
0.03,0,0.03,0,0.01,0.87,0.03,0,0.11,0.66,0.22,4157,8,0,8.53,860,1060,660,80.5,3,0,0
0.03,0,0.03,0,0.04,0.85,0.03,0,0.1,0.61,0.27,2394,21,0,8.51,819,1000,590,79.9,0,0,0
0.1,0,0.03,0,0.05,0.78,0.01,0,0.12,0.69,0.17,6128,11,0,8.52,919,1040,630,79.2,3,0,0
0.03,0,0.04,0,0.04,0.85,0.05,0,0.06,0.7,0.23,3676,22,0,8.51,830,919,520,85.1,1,0,0
0.51,0,0,0,0.02,0.42,0.09,0,0.2,0.61,0.18,2638,32,0,8.51,1290,2140,1320,64.2,15,1,1
0.31,0,0,0,0.01,0.63,0.02,0,0.04,0.83,0.12,5293,21,0,8.53,1019,1330,800,73.8,1,0,0
0.1,0.01,0.01,0,0.06,0.78,0.01,0,0.11,0.73,0.14,9807,12,0,8,1000,1060,590,77.09,4,0,0
0.06,0.01,0.01,0,0.03,0.86,0,0,0.12,0.76,0.11,5879,12,0,8.18,940,869,480,77.9,1,0,0
0.08,0,0.01,0,0,0.87,0,0,0.11,0.72,0.15,7817,10,0,8.16,1000,1030,590,75.3,6,0,0
0.1,0.03,0,0,0.01,0.8,0.04,0,0.14,0.72,0.13,4626,11,0,8.06,1010,1040,610,74.5,3,0,0
0.17,0.01,0,0,0.03,0.74,0.01,0.01,0.09,0.76,0.13,6127,10,0,8.27,990,1060,550,75.5,8,0,0
0.3,0,0.02,0,0.04,0.6,0.02,0.01,0.13,0.75,0.11,13020,10,0,8.44,960,1019,480,79.2,2,0,0
0.46,0,0,0,0.02,0.46,0.04,0.01,0.13,0.77,0.08,3735,11,0,8.41,1000,1010,480,75.59,5,0,0
0.27,0,0.01,0,0.01,0.64,0.03,0.01,0.13,0.7,0.15,6424,9,0,8.59,919,880,459,82.6,5,0,0
0.24,0,0.02,0,0.03,0.65,0.02,0,0.1,0.77,0.11,7631,10,0,8.53,880,950,450,79.8,1,0,0
0.43,0,0.04,0,0.02,0.41,0.06,0.03,0.08,0.8,0.1,11973,13,0,8.57,1100,830,370,78.7,6,0,0
0.25,0,0,0,0.03,0.64,0.05,0.01,0.11,0.76,0.11,7246,9,0,8.55,910,850,409,80.8,2,0,0
0.17,0.01,0.04,0,0.04,0.68,0.04,0,0.14,0.73,0.11,8143,12,0,8.55,900,819,409,79.09,1,0,0
0.24,0.02,0.04,0,0.01,0.65,0.01,0,0.13,0.7,0.15,9867,12,0,8.3,930,969,509,76,9,0,0
0.29,0,0,0,0.03,0.6,0.06,0,0.13,0.7,0.16,8035,10,0,8.32,1010,1190,600,81.09,4,0,0
0.12,0,0,0,0.02,0.81,0.01,0,0.1,0.75,0.14,10211,11,0,8.36,930,1000,530,78.59,3,0,0
0.04,0,0.03,0,0,0.88,0.02,0,0.15,0.7,0.14,17121,18,0,8.41,830,800,450,80,3,0,0
0.1,0,0.01,0,0.03,0.82,0.02,0,0.14,0.68,0.17,3100,16,0,8.31,1040,1400,790,73.7,8,1,1
0.1,0,0.05,0,0.03,0.76,0.04,0,0.13,0.77,0.09,10355,9,0,8.64,850,790,360,82.8,4,0,0
0.05,0,0.04,0,0.04,0.84,0,0,0.06,0.74,0.18,5528,9,0,8.63,840,940,509,83.1,3,0,0
0.22,0,0.02,0,0.03,0.63,0.03,0.05,0.09,0.74,0.15,5383,7,0,8.66,890,840,450,79.7,3,0,0
0.28,0,0.04,0,0,0.59,0.05,0,0.1,0.8,0.08,5218,9,0,8.69,919,860,400,76.9,3,0,0
0.09,0,0.09,0,0.05,0.63,0.1,0,0.1,0.77,0.11,7686,11,0,8.68,950,800,409,78.9,4,0,0
0.3,0,0.04,0,0.04,0.58,0.03,0,0.11,0.76,0.11,12718,20,0,8.64,919,860,400,83.9,3,0,0
0.02,0,0.02,0,0.01,0.86,0.04,0.01,0.09,0.75,0.15,7158,21,0,8.47,910,1000,620,75.59,5,0,0
0,0.01,0,0,0.03,0.94,0,0,0.14,0.7,0.14,4549,17,0,8.41,1050,1220,770,73.3,6,0,0
0.64,0,0,0,0,0.32,0.03,0,0.18,0.66,0.14,5105,9,11,8.83,1200,1860,850,73,8,1,1
0.45,0,0,0,0,0.53,0,0,0.07,0.67,0.24,3977,11,46,8.79,1050,1750,930,75.3,7,1,1
0.59,0,0,0,0,0.38,0,0,0.03,0.74,0.22,1502,12,45,8.72,1090,1889,869,73.5,11,1,1
0.68,0,0,0,0,0.31,0,0,0.18,0.65,0.15,2909,13,5,8.75,1130,1860,850,74.4,3,1,1
0.47,0,0,0,0,0.52,0,0,0.11,0.68,0.19,2054,17,15,8.82,1060,1839,950,76,3,1,1
0.36,0,0,0,0.01,0.62,0,0,0.07,0.7,0.22,3774,11,5,8.88,960,1380,750,79,10,0,1
0,0.01,0,0,0,0.95,0.02,0.01,0.09,0.7,0.2,4605,10,3,8.22,1060,1390,880,71.4,5,1,1
0,0,0,0,0.01,0.96,0.01,0,0.16,0.63,0.19,2634,9,4,8.17,1040,1430,940,73.09,9,1,1
0.04,0.01,0,0,0.02,0.89,0.04,0.01,0.13,0.68,0.18,5310,10,1,8.26,1050,1440,940,74.9,7,1,1
0.04,0,0,0,0.02,0.92,0,0,0.07,0.67,0.24,4866,11,0,8.36,940,1330,830,74.59,3,1,1
0,0,0,0,0,0.97,0.01,0,0.09,0.69,0.21,2059,10,0,8.36,990,1290,840,75.8,4,1,1
0.08,0,0,0,0.03,0.81,0.06,0.04,0.1,0.7,0.18,3512,13,0,8.42,1019,1500,960,75.59,9,1,1
0.04,0,0,0,0,0.92,0.01,0.01,0.09,0.68,0.21,5460,10,0,8.45,990,1380,900,75.09,3,1,1
0,0,0,0,0.03,0.93,0.02,0.02,0.08,0.78,0.13,3093,8,14,8.51,1120,1689,1060,72.7,4,1,1
0.01,0.01,0,0,0.02,0.93,0,0,0.06,0.75,0.17,5263,8,7,8.37,990,1300,790,74.8,1,0,1
0,0,0,0,0.01,0.89,0.08,0,0.09,0.66,0.23,5354,13,0,8.46,969,1320,819,79.5,6,1,1
0,0,0.01,0,0.02,0.92,0.02,0,0.08,0.69,0.21,6663,9,0,8.53,919,1180,710,74.59,5,0,0
0,0.01,0,0,0.02,0.94,0.01,0,0.11,0.67,0.21,4496,8,0,8.62,1000,1310,810,77.09,6,1,1
0,0.01,0.01,0,0,0.92,0.03,0,0.1,0.7,0.19,3430,9,0,8.58,910,1130,690,75.09,9,0,0
0,0,0.01,0,0.01,0.95,0.02,0,0.12,0.68,0.19,7767,8,0,8.61,1000,1270,800,74.9,3,1,1
0.06,0,0,0,0.01,0.8,0.1,0.02,0.13,0.67,0.19,6481,11,0,8.68,1019,1440,860,73.7,4,1,1
0.14,0,0,0,0.01,0.71,0.11,0,0.17,0.64,0.18,3646,11,0,8.67,1010,1340,810,73.8,4,1,1
0.02,0,0.01,0,0.06,0.81,0.07,0,0.1,0.72,0.16,3832,7,6,8.62,1030,1270,770,74.7,4,1,1
0.01,0,0,0,0.05,0.74,0.21,0.02,0.17,0.67,0.14,5167,6,0,8.69,1030,1420,860,74.3,3,1,1
0.03,0,0.01,0,0,0.48,0.45,0.01,0.19,0.73,0.07,8277,7,0,8.72,1070,1300,710,75.09,0,1,1
0,0,0,0,0.03,0.76,0.18,0.02,0.13,0.68,0.17,4655,8,0,8.77,919,1160,700,77.9,3,0,0
0.07,0,0,0,0,0.66,0.25,0,0.19,0.62,0.17,4867,8,0,8.71,1040,1340,780,73.2,3,1,1
0.01,0,0,0,0,0.75,0.23,0.02,0.16,0.71,0.12,5475,8,0,8.72,980,1130,650,76.4,3,1,1
0,0,0,0,0,0.81,0.16,0.03,0.15,0.7,0.14,6052,7,0,8.75,1080,1370,819,72.4,7,1,1
0.04,0,0,0,0.01,0.72,0.2,0.06,0.12,0.74,0.12,5305,8,1,8.79,1040,1300,770,72.4,5,1,1
0.02,0,0,0,0,0.88,0.09,0,0.13,0.67,0.19,5820,9,0,8.78,1000,1400,890,74.4,3,1,1
0.37,0,0.01,0,0,0.56,0.02,0.01,0.01,0.67,0.31,1306,100,66,9.06,910,1760,890,78.4,1,1,1
0.98,0,0.01,0,0,0,0.01,0,0.09,0.7,0.19,1118,79,0,9.07,1210,2430,960,69.9,3,1,1
0.95,0,0,0,0,0.01,0,0.01,0.1,0.7,0.18,1484,50,0,9.08,1190,2610,1070,74.5,10,1,1
0.93,0,0,0,0.01,0.04,0,0,0.1,0.67,0.21,1836,37,0,9.09,1240,2260,919,71.2,21,1,1
0.98,0,0,0,0,0.01,0,0,0.05,0.69,0.25,1904,21,0,9.09,1130,2440,980,69.7,9,1,1
0.94,0,0,0,0.04,0.01,0,0,0.15,0.63,0.21,2506,19,0,9.09,1160,2630,1090,71.2,21,1,1
0.9,0,0,0,0,0.07,0.01,0,0.12,0.7,0.16,4648,27,0,9.1,1070,2360,969,72.59,8,1,1
0.35,0,0,0,0.01,0.61,0.02,0.01,0.13,0.76,0.09,1831,17,0,9.07,940,1160,550,73,14,1,1
0.15,0,0,0,0.09,0.74,0.01,0,0.11,0.76,0.12,2128,20,0,9.06,840,950,550,77.09,1,0,0
0.49,0,0,0,0,0.5,0,0,0.08,0.71,0.19,1359,8,0,9.04,1010,1550,660,71.2,5,1,1
0.49,0,0,0,0.02,0.44,0,0.02,0.07,0.78,0.13,1560,64,0,9.06,969,1280,580,72,3,1,1
0.43,0,0,0,0,0.55,0,0,0.08,0.73,0.17,1648,68,0,9.04,969,1410,640,74.3,1,1,1
0.93,0.01,0,0,0,0.04,0,0,0.1,0.62,0.27,2332,100,11,9.02,1190,2480,1070,71.5,2,1,1
0.64,0.01,0,0,0,0.32,0.02,0,0.03,0.91,0.05,4074,77,15,9.03,1200,1739,720,75.2,11,1,1
0.99,0,0,0,0,0,0,0,0.15,0.7,0.14,2707,44,0,9,1190,2070,770,68.59,21,1,1
0.98,0,0,0,0,0.01,0,0,0.04,0.73,0.21,1596,4,0,9.02,1090,2020,780,71.2,10,1,1
0.98,0,0,0,0,0,0,0.01,0.16,0.7,0.12,1386,10,0,8.99,1350,2300,900,72.7,11,1,1
0.6,0,0.02,0,0,0.34,0.01,0.02,0.11,0.75,0.12,2522,94,8,8.79,1000,1530,710,75.09,0,1,1
0.51,0,0,0,0.02,0.4,0,0.04,0.08,0.74,0.16,2288,89,18,8.79,1000,1460,740,73.2,8,1,1
0.56,0,0,0,0,0.35,0.02,0.06,0.11,0.71,0.17,3353,56,58,8.85,1019,1500,740,74.7,6,1,1
0.24,0,0,0,0,0.72,0.02,0,0.11,0.64,0.24,1646,82,54,8.91,900,1320,700,78.09,4,0,0
0.82,0,0,0,0.02,0.14,0,0,0.16,0.77,0.06,3962,13,24,8.99,1190,1810,770,71.7,9,1,1
0.75,0,0,0,0.02,0.21,0.01,0,0.12,0.74,0.12,2735,36,0,8.99,1210,2090,990,71.09,13,1,1
0.93,0,0,0,0,0.06,0,0,0.12,0.77,0.09,2247,41,0,8.98,1190,1860,680,65.2,8,1,1
0.96,0,0,0,0,0.02,0,0,0.11,0.71,0.17,1699,10,0,8.99,1270,2590,1050,69,21,1,1
0.81,0,0,0,0,0.14,0.03,0,0.11,0.73,0.14,2995,22,0,9.03,1140,1889,760,69.4,11,1,1
0.06,0,0,0,0.01,0.87,0.03,0,0.13,0.72,0.13,3495,27,0,9.06,819,750,430,77.59,5,0,0
0.14,0,0,0,0.02,0.81,0.01,0,0.1,0.71,0.18,2380,32,0,9.08,819,990,580,72.59,1,0,0
0.8,0,0,0,0,0.18,0,0,0.11,0.68,0.2,2492,28,17,9.09,1120,2350,1030,68.09,8,1,1
0.85,0,0,0,0.01,0.11,0.01,0,0.26,0.59,0.13,2443,18,27,9.08,1290,2320,1100,72.09,23,1,1
0.51,0,0.02,0,0.01,0.44,0.01,0,0.14,0.7,0.15,4638,14,0,9.08,1010,1310,680,75,4,1,1
0.51,0,0.03,0,0.03,0.35,0.07,0.01,0.16,0.72,0.1,4342,21,0,9.04,990,1420,740,78.9,9,1,1
0.27,0.01,0.01,0,0.08,0.61,0,0,0.12,0.68,0.19,3218,13,74,8.95,850,1190,700,73.5,8,0,0
0.12,0,0.04,0,0.07,0.7,0.04,0,0.08,0.64,0.27,4646,8,4,9,830,1280,810,79.8,4,0,0
0.42,0,0.04,0,0,0.41,0.09,0.05,0.13,0.62,0.23,2536,1,0,9.03,1019,1500,730,72.8,5,1,1
0.42,0,0.01,0,0.02,0.51,0.02,0.01,0.08,0.79,0.11,2829,9,0,9.06,969,1130,610,77,6,0,0
0.72,0,0.06,0,0.03,0.14,0.04,0,0.17,0.77,0.05,2579,6,0,9.04,1160,1330,560,80.4,11,1,1
0.34,0,0.04,0,0.05,0.55,0.04,0,0.09,0.75,0.14,2432,22,0,9.08,869,1090,670,78.59,0,0,0
0.12,0,0.01,0,0.01,0.8,0.03,0,0.06,0.7,0.22,4209,11,63,9.1,810,700,440,82.6,1,0,0
0.79,0,0,0,0,0.19,0,0,0.13,0.79,0.06,4068,6,90,9.1,1100,1590,670,74.7,5,1,1
0.55,0,0,0,0.01,0.36,0.05,0.01,0.09,0.67,0.22,1897,1,60,9.13,900,1450,730,76.7,7,0,0
0.54,0,0,0,0.01,0.43,0,0,0.11,0.8,0.08,2873,4,61,9.11,1010,1410,760,75.9,6,1,1
0.5,0,0,0,0.02,0.46,0,0,0.07,0.7,0.22,6956,4,94,9.07,940,1240,610,76.4,4,0,0
0.66,0,0,0,0.01,0.3,0.01,0,0.13,0.7,0.16,3431,8,77,9.11,990,1520,710,74.7,2,1,1
0.15,0,0.01,0,0,0.74,0.07,0,0.1,0.7,0.18,3747,6,61,9.12,880,1080,640,77.8,1,0,0
0,0,0.02,0,0.01,0.95,0,0,0.09,0.66,0.24,2448,8,11,9.1,740,930,620,77.8,1,0,0
0.15,0,0.03,0,0.02,0.67,0.1,0.01,0.09,0.73,0.17,3278,15,44,9.1,900,1120,660,78.09,4,0,0
0.35,0,0.06,0,0.02,0.52,0.02,0.02,0.04,0.81,0.14,3297,4,63,9.08,950,1080,570,77.59,7,0,0
0.66,0,0,0,0.01,0.28,0.03,0,0.08,0.79,0.12,1262,4,82,9.13,950,1360,680,76.8,5,0,0
0.23,0,0.06,0,0.04,0.61,0.02,0.01,0.1,0.64,0.24,3663,5,67,9.06,900,1090,600,80.3,6,0,0
0.17,0,0,0,0.04,0.71,0.04,0.01,0.11,0.7,0.18,4604,3,15,9.07,830,930,550,81.4,1,0,0
0.21,0,0.04,0,0.02,0.69,0.02,0,0.09,0.74,0.16,4394,7,94,9.02,850,980,560,78.3,2,0,0
0.2,0,0,0,0.03,0.73,0.01,0,0.06,0.67,0.26,3190,3,59,9.03,840,980,530,76.59,2,0,0
0.37,0.01,0.1,0,0,0.47,0.01,0.02,0.11,0.7,0.18,4546,9,0,9.04,919,1230,650,79.4,7,0,0
0.25,0.01,0.02,0,0.01,0.67,0.02,0,0.09,0.74,0.16,4795,6,98,8.98,840,1010,540,78.09,5,0,0
0.27,0,0.05,0,0.06,0.58,0.01,0,0.11,0.73,0.14,7656,5,85,8.96,860,1160,620,79.7,2,0,0
0.32,0,0.01,0,0.01,0.6,0.03,0,0.08,0.65,0.25,4230,8,36,8.99,880,1370,830,75.7,1,0,0
0.64,0.02,0,0,0.03,0.29,0,0,0.15,0.68,0.15,1367,31,31,8.97,1140,2180,1120,66.2,12,1,1
0.97,0,0,0,0,0.02,0,0,0.13,0.7,0.15,2145,9,13,9.09,1190,2630,1080,68,5,1,1
1,0,0,0,0,0,0,0,0.16,0.59,0.23,2755,16,1,9.08,1230,2370,940,66.2,22,1,1
0.97,0,0,0,0,0.01,0,0,0.09,0.71,0.19,600,16,0,9.08,1210,2530,1010,65.7,26,1,1
0.95,0,0.03,0,0,0,0,0,0.19,0.62,0.17,921,9,7,9.07,1360,2570,1030,71.4,24,1,1
0.96,0,0,0,0,0.02,0.05,0,0.19,0.63,0.16,3711,9,8,9.08,1280,2590,1080,72.09,11,1,1
0.79,0,0,0,0.01,0.19,0,0,0.18,0.69,0.11,1671,17,7,9.07,1340,2520,1220,68.4,19,1,1
0.61,0,0,0,0.04,0.3,0.02,0.01,0.25,0.67,0.07,1522,11,0,9.05,1150,1760,910,67.7,2,1,1
0.25,0.02,0,0,0.01,0.67,0.03,0,0.17,0.69,0.13,1440,11,0,9.05,1010,1360,760,69,6,1,1
0.41,0,0,0,0.04,0.51,0.01,0,0.16,0.66,0.17,1937,42,10,9.06,1000,1610,1050,73.5,3,1,1
0.15,0,0,0,0.03,0.79,0,0,0.13,0.72,0.13,4643,19,51,9.04,890,1200,740,76.4,2,0,0
0.24,0.05,0.01,0,0,0.63,0.04,0.03,0.17,0.67,0.15,2966,46,70,9.03,940,1240,710,72,7,1,1
0.13,0.01,0,0,0.02,0.81,0,0,0.15,0.65,0.18,7474,16,89,8.93,900,1120,630,78,7,0,0
0.33,0.25,0.01,0,0.01,0.37,0,0,0.08,0.74,0.16,4525,11,88,8.87,1120,1839,900,75.4,6,1,1
0.08,0.04,0,0,0,0.84,0.01,0,0.15,0.67,0.17,4574,11,92,8.79,950,1180,680,71.9,2,0,0
0.19,0.03,0,0,0.02,0.71,0.03,0.03,0.19,0.66,0.13,5309,7,90,8.78,1030,1520,860,71,4,1,1
0.86,0.01,0,0,0,0.11,0,0,0.17,0.68,0.14,5796,8,61,9.07,1080,1820,760,72,3,1,1
0.1,0.01,0,0,0,0.86,0,0,0.14,0.73,0.11,4720,9,94,8.93,1019,1400,800,73.3,2,1,1
0.23,0,0,0,0,0.74,0,0,0.13,0.71,0.15,7322,9,80,9.04,969,1330,750,76.4,3,0,0
0.04,0.01,0.01,0,0,0.84,0.08,0.02,0.08,0.75,0.15,5246,8,91,8.82,1000,1230,720,72.5,5,1,1
0.09,0,0,0,0.01,0.87,0.01,0,0.16,0.72,0.11,10840,6,96,8.94,969,1150,690,74.7,4,1,1
0.21,0,0.01,0,0,0.7,0.03,0.03,0.13,0.68,0.18,8363,5,97,9.02,880,1060,600,76.59,3,0,0
0.18,0,0,0,0.02,0.72,0.06,0.04,0.12,0.71,0.15,4071,10,94,9.03,980,1230,640,76,10,1,1
0.27,0,0,0,0.05,0.62,0.04,0.02,0.15,0.72,0.11,1682,5,87,9.02,990,1100,570,75.59,1,1,1
0.21,0,0.01,0,0,0.73,0.05,0,0.16,0.72,0.1,11826,4,99,8.99,880,1010,530,79.2,9,0,0
0.27,0,0.01,0,0.01,0.66,0.02,0.02,0.11,0.74,0.13,9078,6,87,9.02,900,1160,630,77.09,4,0,0
0.12,0,0.03,0,0.01,0.81,0.01,0,0.17,0.72,0.09,9564,4,96,8.9,830,890,459,79.3,3,0,0
0.07,0.01,0,0,0,0.88,0.01,0,0.12,0.71,0.16,5527,7,90,8.89,860,960,550,78,2,0,0
0.11,0,0.02,0,0.01,0.81,0.02,0,0.1,0.74,0.14,5031,7,90,8.81,950,1170,660,74.7,1,0,0
0.07,0,0,0,0.03,0.86,0.03,0,0.15,0.72,0.11,12930,7,93,8.78,900,990,560,76.59,3,0,0
0.01,0.02,0,0,0.01,0.91,0.01,0,0.12,0.71,0.15,5609,10,94,8.59,919,1190,700,72.59,6,0,0
0.17,0,0.08,0,0.01,0.69,0.01,0,0.09,0.76,0.14,6277,6,93,8.55,960,1300,690,72.9,3,1,1
0.14,0,0.12,0,0.03,0.64,0.06,0.03,0.1,0.75,0.13,4163,7,87,8.66,1019,1470,790,72.5,14,1,1
0.1,0,0.07,0,0.01,0.74,0.01,0.04,0.09,0.7,0.2,7567,5,99,8.94,810,980,540,79.5,2,0,0
0.13,0,0.01,0,0.03,0.7,0.11,0.04,0.07,0.74,0.17,2960,4,93,8.93,969,1400,869,72.9,7,1,1
0.2,0.02,0.03,0,0.03,0.57,0.18,0.07,0.18,0.7,0.1,7821,8,98,8.83,1019,1320,760,73.5,5,1,1
0.17,0,0.01,0,0,0.7,0.09,0.01,0.12,0.69,0.18,3959,6,97,8.87,960,1260,740,74.8,5,1,1
0.02,0.01,0,0,0.01,0.87,0.05,0.02,0.08,0.65,0.26,4096,79,76,8.77,860,1200,740,75.7,7,0,0
0.15,0,0.03,0,0,0.79,0.01,0,0.21,0.63,0.14,4983,4,96,8.77,969,1250,740,75.7,1,1,1
0.58,0,0,0,0,0.35,0.01,0.02,0.24,0.6,0.15,3105,10,91,8.65,1100,1739,770,69.2,3,1,1
0.06,0.01,0,0,0.02,0.85,0.03,0,0.07,0.71,0.21,3130,29,81,8.49,910,1330,790,75.9,3,0,0
0,0,0.08,0,0,0.86,0.04,0.04,0.09,0.75,0.15,2771,16,93,8.45,1010,1470,880,77.8,3,1,1
0.07,0,0,0,0.01,0.89,0.02,0,0.05,0.67,0.26,2790,85,67,8.07,880,1370,869,74.8,5,0,0
0.06,0,0.1,0,0.02,0.76,0.03,0,0.14,0.7,0.15,4263,82,91,8.33,980,1500,830,73.59,4,1,1
0.54,0,0.03,0,0,0.42,0,0,0.15,0.67,0.17,3064,41,27,8.91,960,1400,660,72.3,3,1,1
0.96,0,0,0,0.01,0.02,0,0,0.14,0.64,0.21,1297,20,0,9.07,1250,2360,910,71.2,1,1,1
0.99,0,0,0,0,0,0,0,0.08,0.65,0.25,1126,18,0,9.08,1230,2500,1019,66,22,1,1
0.72,0,0,0,0,0.26,0,0,0.05,0.7,0.24,1174,14,34,8.53,1190,2420,1070,74.8,28,1,1
0.58,0,0,0,0,0.4,0,0,0.12,0.68,0.18,1665,23,42,8.67,1240,2290,1080,75,20,1,1
0.79,0,0,0,0,0.2,0.01,0,0.17,0.66,0.15,1504,11,64,8.6,1200,2370,1070,76.4,30,1,1
0.48,0.04,0,0,0,0.46,0,0,0.11,0.68,0.2,5826,8,56,8.65,1050,1730,910,74.59,14,1,1
0.51,0,0,0,0,0.47,0,0,0.09,0.75,0.14,2986,7,63,8.61,1120,1700,819,73.5,13,1,1
0.22,0,0,0,0.02,0.73,0,0,0.14,0.65,0.19,6420,8,37,8.56,1040,1390,780,76.09,10,1,1
0.11,0.04,0,0,0,0.82,0,0,0.06,0.71,0.22,1695,21,61,8.53,1040,1680,1000,74.9,15,1,1
0.75,0,0,0,0,0.23,0,0,0.05,0.7,0.24,1278,5,0,9.3,1070,2039,950,71.4,12,1,1
0.74,0,0,0,0.02,0.15,0.04,0.07,0.11,0.74,0.14,1214,17,0,9.3,1310,2290,1019,63.6,11,1,1
0.57,0,0,0,0.02,0.33,0.05,0.03,0.16,0.68,0.15,4128,1,9,9.29,1190,1810,990,69.5,12,1,1
0.43,0.01,0,0,0.01,0.47,0.07,0.02,0.19,0.72,0.08,2618,4,0,9.29,930,1090,520,75.4,4,1,1
0.94,0,0,0,0,0.02,0.02,0,0.22,0.61,0.16,1663,9,0,9.28,1270,3010,1330,67.4,8,1,1
0.79,0,0,0,0,0.18,0.01,0,0.08,0.81,0.1,1488,16,0,9.27,1190,2240,1000,73.2,16,1,1
0.98,0,0,0,0,0,0,0,0.1,0.63,0.25,2806,9,0,9.28,1330,2840,1240,69.4,16,1,1
0.97,0,0,0,0,0.01,0,0,0.15,0.67,0.17,1397,13,0,9.27,1430,2980,1320,70.59,13,1,1
0.63,0,0.02,0,0,0.32,0.03,0,0.13,0.7,0.16,1985,2,0,9.25,1070,1650,720,65.3,9,1,1
0.19,0,0,0,0,0.75,0.03,0.01,0.1,0.74,0.15,3627,7,0,9.25,850,819,440,77.09,2,0,0
0.72,0,0,0,0,0.24,0.02,0,0.12,0.8,0.06,3536,10,0,9.26,1230,1070,509,73.2,5,0,1
0.54,0,0,0,0.01,0.32,0.11,0.06,0.12,0.72,0.14,3444,11,0,9.28,1170,1730,850,71.8,18,1,1
0.16,0,0,0,0.02,0.8,0,0,0.14,0.69,0.16,5196,15,0,9.26,919,1220,730,74.5,4,1,0
0.42,0,0,0,0,0.52,0.04,0.01,0.08,0.75,0.15,3328,7,0,9.27,960,1290,790,75.59,6,1,1
0.21,0,0.01,0,0.03,0.69,0.03,0,0.1,0.64,0.24,3380,7,0,9.27,869,1210,760,75.5,2,0,0
0.29,0,0,0,0.03,0.62,0.05,0.04,0.12,0.68,0.18,4452,7,0,9.22,860,1170,690,78.2,6,0,0
0.8,0,0,0,0.02,0.16,0,0,0.09,0.78,0.12,3925,12,0,9.22,1180,1750,740,74.09,13,1,1
0.96,0,0,0,0,0.02,0,0,0.14,0.67,0.18,3670,14,0,9.21,1220,2350,910,71.2,8,1,1
1,0,0,0,0,0,0,0,0.08,0.71,0.2,744,4,0,9.16,1250,2210,819,69,4,1,1
1,0,0,0,0,0,0,0,0.07,0.63,0.29,2530,9,0,9.21,1280,2590,1070,71.3,15,1,1
0.99,0,0,0,0,0,0,0,0.07,0.72,0.19,1707,7,0,9.21,1130,2380,969,72.9,7,1,1
0.65,0.01,0.03,0,0.01,0.16,0.11,0.08,0.19,0.7,0.1,2454,6,0,9.27,1130,1450,630,72.7,12,1,1
0.25,0,0.04,0,0.02,0.65,0.02,0.01,0.08,0.69,0.22,5828,11,0,9.26,869,1190,720,77.59,5,0,0
0.32,0,0.01,0,0.01,0.64,0,0,0.14,0.61,0.23,5051,10,0,9.26,819,1150,670,77.5,0,0,0
0.71,0,0.02,0,0.04,0.19,0.02,0,0.13,0.74,0.11,5093,10,0,9.21,1040,1420,700,74.5,8,1,0
0.93,0,0,0,0,0.03,0.02,0.02,0.15,0.75,0.09,7844,8,0,9.15,1160,1500,540,75.09,15,1,1
0.87,0,0,0,0.01,0.1,0.02,0,0.11,0.72,0.16,2109,10,0,9.22,1280,1930,819,72.2,23,1,1
0.9,0,0.02,0,0,0.04,0,0.01,0.14,0.73,0.11,5880,3,35,9.13,1100,1580,600,74.5,9,1,1
0.44,0,0,0,0.01,0.53,0,0,0.11,0.68,0.2,3648,10,0,9.24,840,1060,620,79.5,4,0,0
0.66,0,0.06,0,0,0.27,0,0,0.12,0.7,0.16,5849,14,8,9.22,950,1180,550,79.59,1,0,0
0.76,0,0,0,0.01,0.18,0.01,0.01,0.15,0.77,0.07,3534,16,22,9.26,950,1170,450,74.3,4,0,0
0.91,0,0,0,0,0.07,0,0,0.12,0.73,0.14,4711,7,0,9.28,1170,2060,819,70.4,11,1,1
0.42,0,0.02,0,0.02,0.37,0.17,0.06,0.15,0.73,0.11,2119,12,0,9.26,1010,1300,620,72.8,8,1,1
0.68,0,0,0,0.05,0.2,0.06,0.02,0.15,0.73,0.11,6268,9,28,9.26,1040,1300,590,73.9,1,1,0
0.78,0,0,0,0,0.17,0.03,0,0.22,0.7,0.07,4520,11,65,9.25,1080,1080,490,76.7,5,1,0
0.22,0,0.07,0,0.03,0.64,0.01,0,0.08,0.68,0.23,9005,13,12,9.21,800,1050,560,84.2,2,0,0
0.43,0,0.05,0,0.01,0.48,0.01,0,0.08,0.72,0.18,4351,31,44,9.23,880,860,450,78.59,2,0,0
0.47,0,0.02,0,0.01,0.47,0.01,0,0.11,0.7,0.17,7584,11,53,9.21,840,1080,530,79,4,0,0
0.54,0,0,0,0.02,0.39,0.02,0.01,0.1,0.77,0.11,2850,16,0,9.25,940,1030,470,77.3,4,0,0
0.66,0,0.02,0,0.01,0.28,0.01,0,0.11,0.73,0.15,1728,9,21,9.14,860,990,390,74.5,3,0,0
0.48,0,0.01,0,0.01,0.44,0.04,0,0.2,0.72,0.07,3718,9,68,9.09,919,1570,650,77.2,5,0,0
0.23,0,0.08,0,0.01,0.65,0,0,0.17,0.71,0.1,5471,6,55,9.14,819,800,350,81.2,2,0,0
0.74,0,0,0,0,0.03,0.21,0.07,0.21,0.72,0.05,7149,8,6,9.12,1190,1420,500,70.3,10,1,1
0.38,0,0.02,0,0.02,0.56,0,0,0.04,0.78,0.16,3617,14,41,8.89,869,1160,560,78.4,2,0,0
0.71,0,0.01,0,0.01,0.22,0.04,0.01,0.12,0.73,0.13,3451,10,5,9.18,930,1030,440,80.3,4,0,0
0.91,0,0,0,0,0.08,0,0,0.16,0.75,0.08,3824,15,0,9.2,1100,1160,420,74.5,5,1,0
0.14,0,0.06,0,0.01,0.76,0.01,0,0.13,0.7,0.16,1875,7,53,9.08,750,1000,550,82.6,3,0,0
0.6,0,0.09,0,0.04,0.24,0,0,0.15,0.75,0.08,4840,12,51,9.15,860,730,280,77.9,5,0,0
0.43,0,0.13,0,0.01,0.38,0.03,0.02,0.18,0.75,0.06,2054,6,52,9.1,819,710,350,80.2,7,0,0
0.31,0,0,0,0,0.67,0,0,0.08,0.71,0.2,1360,11,37,8.62,969,1620,840,71.8,3,0,0
0.42,0.01,0,0,0.01,0.46,0.07,0,0.07,0.67,0.24,4512,12,28,8.84,990,1600,800,76.4,9,0,0
0.98,0.01,0,0,0,0,0.01,0,0.09,0.7,0.19,3102,8,0,9.11,1280,2270,840,71.59,8,1,1
0.31,0,0,0,0.04,0.38,0.25,0.1,0.12,0.68,0.18,3074,15,11,9.16,1019,1670,869,74,6,1,1
0.97,0,0,0,0.01,0.01,0,0,0.13,0.65,0.21,2333,4,0,9.11,1130,2290,869,72.59,13,1,1
0.26,0,0,0,0,0.48,0.23,0.11,0.14,0.68,0.16,4069,32,0,8.66,1130,1689,1000,69,12,1,1
0,0,0.01,0,0.01,0.91,0.04,0.04,0.08,0.68,0.22,3328,70,0,8.67,830,1050,660,80.09,3,0,0
0.12,0,0,0,0,0.76,0.12,0,0.1,0.74,0.15,3027,50,0,8.65,940,1160,730,77.59,0,0,0
0.16,0,0,0,0,0.7,0.11,0.02,0.09,0.74,0.15,3920,31,0,8.65,969,1250,690,73.8,2,1,1
0.66,0,0,0,0,0.13,0.2,0.06,0.11,0.73,0.14,2538,55,0,8.66,1250,2180,950,70.2,1,1,1
0.45,0,0,0,0,0.21,0.31,0.11,0.11,0.77,0.11,3862,29,0,8.66,1250,1830,810,73,10,1,1
0.29,0,0,0,0.05,0.44,0.21,0.06,0.13,0.67,0.19,2723,21,0,8.66,980,1330,760,74.5,3,1,1
0.14,0,0,0,0.04,0.45,0.35,0.25,0.21,0.58,0.19,5151,9,0,8.64,1010,1340,780,72.8,9,1,1
0.24,0,0,0,0.02,0.55,0.17,0.1,0.18,0.69,0.11,3763,1,0,8.65,980,1300,730,71.8,2,1,1
0.14,0.02,0,0,0.02,0.71,0.07,0.01,0.13,0.74,0.12,5054,8,0,8.63,969,1110,620,77.7,4,0,0
0.3,0,0,0,0,0.68,0,0,0.13,0.76,0.09,1148,37,0,8.6,910,1090,620,75.9,0,0,0
0.03,0,0,0,0.02,0.9,0.02,0.01,0.11,0.62,0.25,2351,10,0,8.59,869,1250,760,78.7,2,0,0
0.28,0,0,0,0.05,0.64,0.01,0,0.11,0.74,0.14,6450,4,0,8.63,969,1150,640,83.8,9,1,1
0.08,0,0.01,0,0,0.81,0.08,0.07,0.11,0.73,0.15,4551,6,0,8.57,919,1080,620,77.2,2,0,0
0.14,0,0,0,0.06,0.73,0.06,0,0.09,0.7,0.2,3700,5,0,8.62,990,1240,700,76.3,6,0,0
0.28,0,0,0,0.01,0.56,0.13,0.09,0.16,0.68,0.15,4015,37,0,8.62,1150,1500,800,73.09,6,1,1
0.03,0,0.01,0,0,0.93,0,0,0.1,0.72,0.16,6379,8,8,8.51,950,1050,620,74.4,7,0,0
0.05,0,0,0,0.02,0.91,0,0,0.11,0.68,0.2,8480,12,0,8.61,890,1040,620,77.2,1,0,0
0.01,0,0.03,0,0.01,0.89,0.04,0,0.1,0.7,0.19,3912,6,0,8.57,919,1100,670,77.5,3,0,0
0.07,0,0,0,0.01,0.87,0.03,0.01,0.11,0.63,0.25,3594,12,0,8.59,950,1180,750,76.7,3,0,0
0.05,0,0.03,0,0,0.87,0.02,0.02,0.13,0.71,0.14,5874,9,0,8.58,919,1040,610,78.4,5,0,0
0.04,0,0,0,0.01,0.91,0.01,0.01,0.13,0.7,0.16,5862,13,0,8.62,880,1000,630,78.09,5,0,0
0,0,0,0,0,0.92,0.04,0,0.13,0.66,0.2,5912,11,4,8.58,1000,1370,890,72.9,1,1,1
0.02,0.02,0,0,0,0.91,0.01,0,0.1,0.74,0.14,6106,8,0,8.57,980,1190,740,76.09,3,0,0
0,0.01,0,0,0.07,0.89,0.01,0.01,0.13,0.69,0.16,2420,6,0,8.53,960,1130,690,77,5,0,0
0.02,0,0,0,0.05,0.87,0.05,0.01,0.11,0.68,0.2,6661,14,0,8.54,1019,1370,840,73.09,4,1,1
0.66,0,0,0,0,0.32,0.01,0,0.06,0.72,0.2,5875,12,47,8.77,1170,1889,960,70.4,4,1,1
0.81,0,0,0,0,0.18,0,0,0.07,0.76,0.15,2548,8,27,8.72,1230,2220,919,77.4,20,1,1
0.15,0,0,0,0.02,0.78,0.03,0,0.11,0.68,0.19,4436,8,15,8.82,990,1330,800,75,5,0,0
0.33,0,0,0,0.02,0.64,0,0,0.08,0.68,0.23,3345,12,7,8.82,1070,1720,980,75.5,8,1,1
0.24,0,0,0,0,0.75,0,0,0.12,0.6,0.26,2029,11,15,8.98,980,1540,860,74.7,6,1,1
0.46,0,0,0,0.02,0.35,0.16,0.05,0.05,0.79,0.15,4956,11,7,8.91,1100,1639,780,74.59,11,1,1
0.64,0,0,0,0,0.35,0,0,0.14,0.71,0.14,5477,17,1,8.87,1160,2080,1070,71.8,15,1,1
0.21,0,0.01,0,0.05,0.69,0.01,0,0.12,0.67,0.2,2051,9,8,8.45,1000,1470,819,73.2,5,1,1
0.38,0,0,0,0.01,0.59,0,0,0.14,0.68,0.17,1824,11,35,8.55,1030,1600,770,74.7,4,1,1
0.63,0,0,0,0.02,0.34,0,0,0.12,0.79,0.07,4384,5,17,8.48,1230,1440,600,76.2,6,0,1
0.36,0,0.02,0,0.04,0.56,0,0,0.13,0.7,0.15,7499,4,3,8.44,980,1080,530,73.4,4,0,0
0.27,0,0.06,0,0.01,0.61,0.03,0,0.07,0.83,0.09,7963,4,2,8.41,1090,840,459,75.3,7,0,1
0.24,0.02,0.01,0,0.01,0.67,0.04,0,0.12,0.7,0.16,3149,8,8,8.34,990,1410,770,83.3,3,1,1
0.47,0.01,0,0,0,0.44,0.05,0,0.1,0.68,0.2,4030,6,0,8.33,1090,1910,980,71.9,11,1,1
0.02,0,0,0,0,0.9,0.06,0.02,0.14,0.63,0.22,3172,10,6,8.6,1019,1510,940,74.5,3,1,1
0.06,0,0,0,0,0.88,0.04,0,0.13,0.67,0.18,3569,7,0,8.62,930,1200,750,73.9,1,1,1
0.21,0,0,0,0.02,0.75,0,0,0.09,0.64,0.25,4257,7,5,8.62,1000,1570,940,78.5,4,1,1
0.19,0,0,0,0.02,0.76,0.04,0,0.13,0.68,0.18,4913,8,0,8.67,1019,1410,850,72.2,3,1,1
0.43,0,0,0,0.01,0.54,0.01,0,0.08,0.7,0.2,4506,9,0,8.72,1030,1410,720,74,3,1,0
0.22,0,0.01,0,0.03,0.72,0,0,0.12,0.71,0.16,2230,11,29,8.69,1090,1360,780,73.59,10,1,0
0.62,0.01,0,0,0.02,0.31,0,0,0.22,0.66,0.11,2052,14,0,9.12,1350,1770,790,70.5,13,1,1
0.29,0,0,0,0.05,0.53,0.12,0,0.09,0.73,0.17,2797,9,0,9.12,1110,1470,819,70.59,11,1,1
0.23,0,0.02,0,0.02,0.68,0.02,0,0.09,0.75,0.15,6074,7,0,9.12,950,980,530,77.4,2,0,0
0.2,0.01,0.01,0,0.05,0.64,0.05,0,0.14,0.7,0.15,3437,7,14,9.13,940,1260,720,77.8,5,0,0
0.26,0,0.01,0,0.03,0.63,0,0.04,0.13,0.68,0.18,2480,7,18,9.15,1040,1450,830,69.3,5,1,1
0.54,0,0,0,0.02,0.25,0.15,0.11,0.15,0.73,0.1,7549,8,1,9.13,1230,1720,720,71.4,7,1,1
0.73,0,0.01,0,0.04,0.17,0.07,0.02,0.18,0.7,0.1,3731,14,0,9.14,1200,1639,700,69.3,11,1,1
0.93,0,0,0,0.02,0.03,0,0,0.15,0.66,0.17,3214,8,0,9.06,1390,2660,1040,75.3,12,1,1
0.23,0,0.01,0,0.04,0.67,0.02,0,0.16,0.68,0.15,6435,7,64,9.13,1040,1380,760,70.4,3,1,1
0.52,0,0,0,0.04,0.37,0.05,0,0.18,0.73,0.08,11493,6,24,8.9,969,1150,470,74.4,8,0,0
0.19,0,0,0,0.05,0.69,0.04,0.01,0.11,0.7,0.18,3488,9,66,9.09,1010,1430,730,73.7,2,0,0
0.71,0,0,0,0,0.27,0.01,0,0.07,0.71,0.2,1768,12,89,8.93,1180,2390,1040,72.2,3,1,1
0.29,0,0,0,0.01,0.66,0.01,0,0.08,0.71,0.19,3434,12,64,8.85,1060,1689,819,74.09,5,1,1
0.11,0,0,0,0.01,0.86,0,0,0.14,0.74,0.11,9311,7,43,9.35,940,880,490,77,2,0,0
0.11,0,0,0,0.01,0.84,0.01,0,0.14,0.67,0.17,4955,14,82,9.44,890,900,520,78.2,4,0,0
0.08,0,0.02,0,0.01,0.87,0,0,0.11,0.72,0.15,6942,13,73,9.27,990,1060,620,74.9,8,0,0
0.05,0,0.02,0,0.02,0.89,0,0,0.14,0.7,0.15,6143,14,71,9.18,1060,1260,760,72,5,1,1
0.16,0,0,0,0,0.81,0,0,0.14,0.71,0.13,6372,14,81,9.27,1070,1260,700,73.2,3,1,0
0.06,0,0.03,0,0,0.89,0,0,0.13,0.66,0.2,7009,14,83,9.21,1030,1280,750,79.09,9,1,0
0.02,0,0,0,0.01,0.93,0.01,0,0.08,0.62,0.29,5989,12,64,9.22,969,1410,890,74.5,4,0,0
0.04,0,0,0,0,0.93,0,0,0.1,0.7,0.18,5328,21,62,9.11,1030,1320,800,71,6,1,1
0.13,0.01,0,0,0,0.82,0.02,0,0.1,0.76,0.13,5301,18,34,9.02,1060,1380,819,71.7,6,1,1
0,0.01,0,0,0.02,0.88,0.08,0.03,0.09,0.69,0.21,3597,12,14,8.96,1019,1280,790,75.09,9,1,1
0.02,0,0,0,0,0.92,0.03,0.01,0.11,0.7,0.17,11271,11,37,9.11,930,980,580,76.8,2,0,0
0.24,0,0,0,0.01,0.7,0.04,0.02,0.12,0.78,0.09,10775,12,60,9.18,990,1130,600,73,4,0,0
0.25,0.01,0,0,0,0.7,0.01,0,0.12,0.66,0.2,3856,11,81,9.28,1070,1560,900,72.8,7,1,1
0.02,0,0,0,0.03,0.94,0,0,0.14,0.66,0.19,880,20,69,9.28,969,1170,750,76.7,8,0,0
0.01,0.02,0,0,0.05,0.89,0,0,0.15,0.71,0.13,3192,8,18,9.56,810,830,500,79.7,0,0,0
0.28,0,0.05,0,0.02,0.59,0.04,0,0.07,0.86,0.05,3387,16,0,9.76,910,560,270,79.3,1,0,0
0.11,0,0.06,0,0.03,0.69,0.09,0.04,0.07,0.8,0.11,5312,15,9,9.73,869,800,440,83.3,4,0,0
0.04,0,0,0,0.01,0.9,0.02,0.01,0.12,0.73,0.14,8747,12,66,9.52,840,790,470,78.7,6,0,0
0.1,0,0.04,0,0.01,0.81,0.02,0.01,0.19,0.66,0.14,4717,15,34,9.48,860,710,409,77.59,2,0,0
0.08,0,0.03,0,0.02,0.84,0,0,0.11,0.7,0.17,8375,9,29,9.65,810,860,490,83.6,5,0,0
0.05,0,0.02,0,0,0.87,0.02,0,0.07,0.65,0.27,5592,14,12,9.64,790,940,570,88.2,2,0,0
0.08,0,0.04,0,0,0.83,0.02,0,0.1,0.68,0.21,8410,15,2,9.8,819,790,470,81,3,0,0
0.08,0,0.01,0,0,0.87,0.02,0,0.14,0.64,0.2,6051,12,0,9.83,790,890,550,79.8,2,0,0
0.02,0,0.07,0,0.01,0.87,0.01,0.01,0.11,0.7,0.18,4151,13,5,9.78,800,860,550,80.59,2,0,0
0.13,0,0.01,0,0.01,0.81,0.01,0,0.13,0.71,0.14,3480,13,38,9.63,869,830,459,75.09,2,0,0
0.25,0,0.02,0,0.02,0.58,0.11,0.01,0.11,0.76,0.11,2934,11,0,9.83,900,760,430,78.9,1,0,0
0.11,0,0,0,0,0.71,0.19,0.11,0.13,0.76,0.1,5269,15,3,9.76,869,810,440,78.8,3,0,0
0.12,0,0.03,0,0,0.73,0.09,0,0.13,0.72,0.13,5340,15,6,9.76,890,860,459,78,3,0,0
0.05,0,0.02,0,0.05,0.83,0.02,0,0.13,0.75,0.11,3871,12,43,9.72,860,720,420,76.8,1,0,0
0.3,0.07,0,0,0.04,0.46,0.18,0.03,0.14,0.62,0.22,2495,17,5,9.66,1010,1430,830,72.2,6,1,1
0.09,0,0.01,0,0.06,0.73,0.06,0.06,0.16,0.73,0.1,5798,8,14,9.68,900,860,490,76.59,4,0,0
0.05,0,0.02,0,0,0.88,0.02,0,0.1,0.7,0.18,6207,14,11,9.75,840,869,520,80.2,4,0,0
0.04,0,0.01,0,0,0.91,0.03,0.01,0.11,0.77,0.1,4462,16,11,9.76,830,800,459,81.09,4,0,0
0.08,0.04,0.01,0,0.02,0.82,0.01,0.01,0.12,0.69,0.18,1165,16,0,9.78,830,850,509,80.59,0,0,0
0.06,0,0.08,0,0.02,0.79,0.03,0,0.1,0.6,0.29,4867,14,0,9.82,770,930,570,83.3,2,0,0
0.11,0,0.01,0,0,0.81,0.02,0.01,0.13,0.76,0.09,4303,10,16,9.55,830,800,450,79.59,1,0,0
0.09,0.02,0,0,0.03,0.64,0.2,0.1,0.17,0.69,0.12,1690,17,85,9.59,930,890,509,76.5,4,0,0
0.16,0,0,0,0.01,0.75,0.05,0.02,0.1,0.78,0.1,5791,12,17,9.71,880,730,390,78.9,4,0,0
0.12,0,0.02,0,0.05,0.57,0.22,0.13,0.14,0.71,0.13,2632,17,39,9.7,919,840,459,77.4,2,0,0
0.02,0,0.06,0.01,0.05,0.79,0.04,0.03,0.08,0.78,0.12,2659,14,37,9.76,810,800,459,83,4,0,0
0.05,0,0.03,0,0,0.87,0.03,0,0.09,0.7,0.19,3293,17,30,9.67,830,830,500,82.1,3,0,0
0.02,0,0,0,0,0.79,0.17,0.13,0.08,0.75,0.15,2972,12,1,9.7,880,919,530,75.3,4,0,0
0.34,0,0,0,0.01,0.6,0.03,0,0.04,0.81,0.14,1376,9,53,9.39,1100,1300,780,76.5,8,1,0
0.11,0,0,0,0.02,0.8,0.05,0.04,0.11,0.73,0.14,3187,16,63,9.44,980,1030,640,74.3,4,0,0
0.16,0,0.02,0,0.01,0.74,0.02,0.01,0.01,0.91,0.07,2201,7,38,9.46,1190,620,350,74.59,12,0,0
0.29,0,0,0,0,0.65,0.03,0.03,0.14,0.74,0.11,7248,14,39,9.42,950,990,540,73.4,3,0,0
0.14,0,0.05,0,0,0.77,0.01,0,0.14,0.72,0.13,2676,13,51,9.38,930,969,600,79.4,3,0,0
0.14,0,0,0,0,0.63,0.21,0.2,0.15,0.72,0.12,7759,16,77,9.56,919,1000,560,80,4,0,0
0.13,0,0,0,0.04,0.77,0.04,0.02,0.17,0.72,0.1,8410,11,85,9.54,900,760,420,78.3,5,0,0
0.13,0,0.05,0,0.02,0.73,0.05,0.01,0.11,0.77,0.1,6155,12,72,9.62,880,810,440,77.5,1,0,0
0.14,0,0.01,0,0.01,0.82,0.01,0,0.09,0.74,0.16,3481,14,14,9.59,840,840,480,81,2,0,0
0.2,0,0,0,0,0.69,0.09,0.06,0.11,0.75,0.13,9195,12,41,9.57,869,819,470,77,1,0,0
0.13,0,0,0,0.02,0.81,0,0.02,0.13,0.75,0.1,4729,13,66,9.45,919,950,550,77.9,1,0,0
0.12,0,0,0,0.02,0.78,0.05,0.05,0.09,0.71,0.18,4149,12,89,9.34,1010,1320,790,74.7,2,1,0
0.05,0,0,0,0.01,0.92,0,0,0.09,0.72,0.17,3468,31,61,9.23,930,1210,790,73.9,2,0,0
0.06,0,0,0,0.01,0.88,0.03,0,0.12,0.67,0.2,4218,23,79,9.31,919,1120,710,76.3,4,0,0
0.03,0,0.01,0,0.03,0.91,0,0,0.06,0.72,0.2,2597,13,60,9.38,1050,1450,969,75.5,3,1,1
0.66,0,0.04,0,0,0.28,0,0,0.13,0.73,0.13,6175,16,9,8.96,1180,1600,710,78.7,9,0,1
0.68,0,0,0,0,0.27,0.03,0,0.13,0.74,0.12,1521,26,17,8.97,1230,2260,1000,79.5,1,1,1
0.87,0,0,0,0,0.12,0,0,0.09,0.7,0.2,4119,10,47,8.97,1220,2190,950,71.9,12,1,1
0.49,0,0,0,0,0.49,0,0,0.03,0.55,0.4,982,14,30,9.02,1050,1900,910,73.4,12,1,1
0.15,0,0.05,0,0.04,0.69,0.06,0,0.1,0.75,0.13,4874,13,93,8.83,900,900,480,79.09,4,0,0
0.25,0,0,0,0.02,0.71,0,0,0.17,0.66,0.15,4910,15,76,8.93,1090,1380,770,71.4,4,1,1
